dataset,pillar,full_auc,loGo_auc,delta,z,p_value,p_holm
Deepfakes,P1_noise,0.9706,0.9717,-0.0011,-0.519,0.6037772791693619,1.0
Deepfakes,P2_prnu,0.9706,0.9723,-0.0017,-0.743,0.4575424126269927,1.0
Deepfakes,P4_shadow,0.9706,0.9713,-0.0007,-0.501,0.6161629781575821,1.0
Deepfakes,P6_compression,0.9706,0.9702,0.0004,0.212,0.831737813097746,1.0
Deepfakes,P8_blur,0.9706,0.971,-0.0004,-0.203,0.8394783493947411,1.0
Deepfakes,P9_flow,0.9706,0.9728,-0.0022,-1.34,0.18037281691215767,1.0
Deepfakes,T1_temporal_noise,0.9706,0.9694,0.0012,0.774,0.4391727074230274,1.0
Deepfakes,T2_rppg,0.9706,0.9723,-0.0017,-1.169,0.24228515435750908,1.0
Deepfakes,T3_temporal_prnu,0.9706,0.9713,-0.0007,-0.279,0.7798791992198244,1.0
Deepfakes,T4_face_ssim,0.9706,0.9719,-0.0013,-0.827,0.4083592886520484,1.0
Deepfakes,T5_codec_residual,0.9706,0.969,0.0016,0.651,0.5148177228913196,1.0
Deepfakes,T6_landmark_traj,0.9706,0.9716,-0.001,-0.46,0.6452862637633321,1.0
Deepfakes,T7_rigid_geometry,0.9706,0.9548,0.0158,1.942,0.05210552613849284,1.0
Deepfakes,T8_face_bg_edge,0.9706,0.975,-0.0044,-1.712,0.0869459117419975,1.0
Deepfakes,T9_skin_texture,0.9706,0.975,-0.0044,-0.915,0.36019187629010085,1.0
Deepfakes,T10_color_transfer,0.9706,0.9591,0.0115,1.701,0.08895165208473643,1.0
Deepfakes,T11_specular,0.9706,0.971,-0.0004,-0.214,0.8303367758863329,1.0
Deepfakes,T12_blink,0.9706,0.969,0.0016,0.584,0.5591104433502152,1.0
Deepfakes,T13_motion_blur_coupling,0.9706,0.9708,-0.0002,-0.081,0.9353095192792953,1.0
Deepfakes,T14_dct_temporal,0.9706,0.9693,0.0013,0.566,0.5712953789768611,1.0
Face2Face,P1_noise,0.8096,0.8048,0.0048,0.537,0.5914373977757341,1.0
Face2Face,P2_prnu,0.8096,0.8176,-0.008,-1.209,0.22669534007035397,1.0
Face2Face,P4_shadow,0.8096,0.8208,-0.0112,-1.574,0.11557033607865996,1.0
Face2Face,P6_compression,0.8096,0.8181,-0.0085,-1.219,0.22267937436293073,1.0
Face2Face,P8_blur,0.8096,0.8158,-0.0062,-0.883,0.37718208720024515,1.0
Face2Face,P9_flow,0.8096,0.8061,0.0035,0.391,0.6960085262599753,1.0
Face2Face,T1_temporal_noise,0.8096,0.8132,-0.0036,-0.517,0.6050185391111285,1.0
Face2Face,T2_rppg,0.8096,0.8128,-0.0032,-0.227,0.8204803660361712,1.0
Face2Face,T3_temporal_prnu,0.8096,0.8175,-0.0079,-0.972,0.3308892437893671,1.0
Face2Face,T4_face_ssim,0.8096,0.8138,-0.0042,-0.505,0.6138114507813526,1.0
Face2Face,T5_codec_residual,0.8096,0.8102,-0.0006,-0.066,0.9471338195706698,1.0
Face2Face,T6_landmark_traj,0.8096,0.8188,-0.0092,-1.046,0.2957834869954421,1.0
Face2Face,T7_rigid_geometry,0.8096,0.8098,-0.0002,-0.015,0.9877858041248071,1.0
Face2Face,T8_face_bg_edge,0.8096,0.82,-0.0104,-1.327,0.1846645757885952,1.0
Face2Face,T9_skin_texture,0.8096,0.8028,0.0068,0.69,0.4901439204731193,1.0
Face2Face,T10_color_transfer,0.8096,0.8111,-0.0016,-0.221,0.8248001005495484,1.0
Face2Face,T11_specular,0.8096,0.815,-0.0055,-0.72,0.47174999820651875,1.0
Face2Face,T12_blink,0.8096,0.8099,-0.0003,-0.03,0.9761444082743589,1.0
Face2Face,T13_motion_blur_coupling,0.8096,0.7966,0.013,0.683,0.4949098494012807,1.0
Face2Face,T14_dct_temporal,0.8096,0.8164,-0.0068,-0.889,0.37415051701828794,1.0
FaceSwap,P1_noise,0.9631,0.9357,0.0274,2.823,0.004758243851091137,0.0952
FaceSwap,P2_prnu,0.9631,0.9618,0.0013,0.52,0.6033297397519779,1.0
FaceSwap,P4_shadow,0.9631,0.9639,-0.0008,-0.309,0.7576432784436062,1.0
FaceSwap,P6_compression,0.9631,0.962,0.0012,0.515,0.6068875004666927,1.0
FaceSwap,P8_blur,0.9631,0.9619,0.0013,0.631,0.5282610441997584,1.0
FaceSwap,P9_flow,0.9631,0.9666,-0.0034,-1.181,0.23754477542793584,1.0
FaceSwap,T1_temporal_noise,0.9631,0.9646,-0.0015,-0.519,0.6035504346321732,1.0
FaceSwap,T2_rppg,0.9631,0.9645,-0.0013,-0.778,0.43678506363827485,1.0
FaceSwap,T3_temporal_prnu,0.9631,0.9614,0.0018,0.849,0.3959991699944174,1.0
FaceSwap,T4_face_ssim,0.9631,0.96,0.0032,0.979,0.3275091656191407,1.0
FaceSwap,T5_codec_residual,0.9631,0.9559,0.0072,1.673,0.09431758063579032,1.0
FaceSwap,T6_landmark_traj,0.9631,0.9591,0.004,1.024,0.30592538606527664,1.0
FaceSwap,T7_rigid_geometry,0.9631,0.9623,0.0008,0.296,0.7668623293087597,1.0
FaceSwap,T8_face_bg_edge,0.9631,0.9617,0.0014,0.633,0.526413095447839,1.0
FaceSwap,T9_skin_texture,0.9631,0.9621,0.001,0.363,0.7163058542184446,1.0
FaceSwap,T10_color_transfer,0.9631,0.964,-0.0008,-0.318,0.7507151262205669,1.0
FaceSwap,T11_specular,0.9631,0.9614,0.0017,0.719,0.4722128284160072,1.0
FaceSwap,T12_blink,0.9631,0.9399,0.0233,2.115,0.03443091829853606,0.6542
FaceSwap,T13_motion_blur_coupling,0.9631,0.9613,0.0018,0.277,0.7817552277225863,1.0
FaceSwap,T14_dct_temporal,0.9631,0.9636,-0.0004,-0.128,0.8984070941763105,1.0
NeuralTextures,P1_noise,0.7867,0.7605,0.0262,2.077,0.037835394040434345,0.7567
NeuralTextures,P2_prnu,0.7867,0.7803,0.0064,0.686,0.4929490889697665,1.0
NeuralTextures,P4_shadow,0.7867,0.784,0.0028,0.416,0.6777709443634257,1.0
NeuralTextures,P6_compression,0.7867,0.786,0.0007,0.095,0.9242313920069094,1.0
NeuralTextures,P8_blur,0.7867,0.7899,-0.0032,-0.631,0.5277947058114394,1.0
NeuralTextures,P9_flow,0.7867,0.7692,0.0176,1.866,0.06199548713629732,1.0
NeuralTextures,T1_temporal_noise,0.7867,0.7887,-0.002,-0.294,0.768610346758297,1.0
NeuralTextures,T2_rppg,0.7867,0.796,-0.0092,-0.969,0.3327746862732295,1.0
NeuralTextures,T3_temporal_prnu,0.7867,0.783,0.0037,0.45,0.6527408541550637,1.0
NeuralTextures,T4_face_ssim,0.7867,0.7986,-0.0118,-1.292,0.19630828160695657,1.0
NeuralTextures,T5_codec_residual,0.7867,0.7771,0.0096,1.396,0.16268241281296558,1.0
NeuralTextures,T6_landmark_traj,0.7867,0.7943,-0.0075,-0.637,0.5238633843609273,1.0
NeuralTextures,T7_rigid_geometry,0.7867,0.7926,-0.0059,-0.754,0.4508044548238601,1.0
NeuralTextures,T8_face_bg_edge,0.7867,0.7922,-0.0055,-0.817,0.4138646448463361,1.0
NeuralTextures,T9_skin_texture,0.7867,0.787,-0.0002,-0.024,0.9812072100377787,1.0
NeuralTextures,T10_color_transfer,0.7867,0.793,-0.0062,-0.764,0.4448954407959911,1.0
NeuralTextures,T11_specular,0.7867,0.7883,-0.0015,-0.223,0.823336191436068,1.0
NeuralTextures,T12_blink,0.7867,0.7893,-0.0025,-0.373,0.7092464561982577,1.0
NeuralTextures,T13_motion_blur_coupling,0.7867,0.7804,0.0064,0.673,0.5007520173696727,1.0
NeuralTextures,T14_dct_temporal,0.7867,0.783,0.0038,0.492,0.6225619456754212,1.0
CelebDF,P1_noise,0.6322,0.6194,0.0128,2.629,0.008563300546316377,0.1456
CelebDF,P2_prnu,0.6322,0.6331,-0.0009,-0.21,0.8337573368322209,1.0
CelebDF,P4_shadow,0.6322,0.6274,0.0048,1.11,0.26678894152826826,1.0
CelebDF,P6_compression,0.6322,0.6212,0.011,3.035,0.002406310289206459,0.0481
CelebDF,P8_blur,0.6322,0.6346,-0.0025,-0.653,0.5137970548776225,1.0
CelebDF,P9_flow,0.6322,0.6258,0.0063,1.317,0.1877639800312041,1.0
CelebDF,T1_temporal_noise,0.6322,0.6324,-0.0002,-0.034,0.9729365091001558,1.0
CelebDF,T2_rppg,0.6322,0.6461,-0.0139,-3.026,0.0024758149080692515,0.0481
CelebDF,T3_temporal_prnu,0.6322,0.6221,0.0101,2.73,0.006330304211350279,0.1139
CelebDF,T4_face_ssim,0.6322,0.6206,0.0116,2.279,0.022666510887335622,0.3627
CelebDF,T5_codec_residual,0.6322,0.6301,0.0021,0.448,0.654491097258848,1.0
CelebDF,T6_landmark_traj,0.6322,0.6253,0.0069,1.376,0.16868195228271343,1.0
CelebDF,T7_rigid_geometry,0.6322,0.6441,-0.0119,-1.805,0.07104355660980421,1.0
CelebDF,T8_face_bg_edge,0.6322,0.632,0.0002,0.031,0.9750579091214002,1.0
CelebDF,T9_skin_texture,0.6322,0.637,-0.0048,-1.03,0.30301842353772424,1.0
CelebDF,T10_color_transfer,0.6322,0.6295,0.0027,0.505,0.6139058246219242,1.0
CelebDF,T11_specular,0.6322,0.635,-0.0028,-0.693,0.48847360073043533,1.0
CelebDF,T12_blink,0.6322,0.629,0.0032,0.463,0.6435145472722379,1.0
CelebDF,T13_motion_blur_coupling,0.6322,0.6273,0.0049,0.63,0.5284793246891888,1.0
CelebDF,T14_dct_temporal,0.6322,0.6333,-0.0011,-0.259,0.7953034389865243,1.0
