table,cell,old_value,new_value,abs_delta,signed_delta,changed,reason
Table 4,median [51-D] / deepfakes,0.9771,0.9733,0.0038,-0.0038,yes,"classifier fit partition changed from train+val (860 identities, n_train 4126) to train only (720 identities, n_train 3461); DEFECT-001 Option B canonical rerun"
Table 4,median [51-D] / face2face,0.8174,0.8036,0.0138,-0.0138,yes,"classifier fit partition changed from train+val (860 identities, n_train 4126) to train only (720 identities, n_train 3461); DEFECT-001 Option B canonical rerun"
Table 4,median [51-D] / faceswap,0.9637,0.9587,0.005,-0.005,yes,"classifier fit partition changed from train+val (860 identities, n_train 4126) to train only (720 identities, n_train 3461); DEFECT-001 Option B canonical rerun"
Table 4,median [51-D] / neuraltextures,0.796,0.784,0.012,-0.012,yes,"classifier fit partition changed from train+val (860 identities, n_train 4126) to train only (720 identities, n_train 3461); DEFECT-001 Option B canonical rerun"
Table 4,median [51-D] / mean,0.8886,0.8799,0.0087,-0.0087,yes,"classifier fit partition changed from train+val (860 identities, n_train 4126) to train only (720 identities, n_train 3461); DEFECT-001 Option B canonical rerun"
Table 4,gaussian [51-D] / deepfakes,0.9729,0.9711,0.0018,-0.0018,yes,"classifier fit partition changed from train+val (860 identities, n_train 4126) to train only (720 identities, n_train 3461); DEFECT-001 Option B canonical rerun"
Table 4,gaussian [51-D] / face2face,0.8297,0.8178,0.0119,-0.0119,yes,"classifier fit partition changed from train+val (860 identities, n_train 4126) to train only (720 identities, n_train 3461); DEFECT-001 Option B canonical rerun"
Table 4,gaussian [51-D] / faceswap,0.9695,0.9632,0.0063,-0.0063,yes,"classifier fit partition changed from train+val (860 identities, n_train 4126) to train only (720 identities, n_train 3461); DEFECT-001 Option B canonical rerun"
Table 4,gaussian [51-D] / neuraltextures,0.8056,0.7867,0.0189,-0.0189,yes,"classifier fit partition changed from train+val (860 identities, n_train 4126) to train only (720 identities, n_train 3461); DEFECT-001 Option B canonical rerun"
Table 4,gaussian [51-D] / mean,0.8944,0.8847,0.0097,-0.0097,yes,"classifier fit partition changed from train+val (860 identities, n_train 4126) to train only (720 identities, n_train 3461); DEFECT-001 Option B canonical rerun"
Table 4,wavelet [51-D] / deepfakes,0.974,0.9693,0.0047,-0.0047,yes,"classifier fit partition changed from train+val (860 identities, n_train 4126) to train only (720 identities, n_train 3461); DEFECT-001 Option B canonical rerun"
Table 4,wavelet [51-D] / face2face,0.8308,0.8114,0.0194,-0.0194,yes,"classifier fit partition changed from train+val (860 identities, n_train 4126) to train only (720 identities, n_train 3461); DEFECT-001 Option B canonical rerun"
Table 4,wavelet [51-D] / faceswap,0.9682,0.9671,0.0011,-0.0011,yes,"classifier fit partition changed from train+val (860 identities, n_train 4126) to train only (720 identities, n_train 3461); DEFECT-001 Option B canonical rerun"
Table 4,wavelet [51-D] / neuraltextures,0.7887,0.7814,0.0073,-0.0073,yes,"classifier fit partition changed from train+val (860 identities, n_train 4126) to train only (720 identities, n_train 3461); DEFECT-001 Option B canonical rerun"
Table 4,wavelet [51-D] / mean,0.8904,0.8823,0.0081,-0.0081,yes,"classifier fit partition changed from train+val (860 identities, n_train 4126) to train only (720 identities, n_train 3461); DEFECT-001 Option B canonical rerun"
Table 4,current_50D_ref [50-D] / deepfakes,0.9752,0.9706,0.0046,-0.0046,yes,"classifier fit partition changed from train+val (860 identities, n_train 4126) to train only (720 identities, n_train 3461); DEFECT-001 Option B canonical rerun"
Table 4,current_50D_ref [50-D] / face2face,0.8255,0.8096,0.0159,-0.0159,yes,"classifier fit partition changed from train+val (860 identities, n_train 4126) to train only (720 identities, n_train 3461); DEFECT-001 Option B canonical rerun"
Table 4,current_50D_ref [50-D] / faceswap,0.9689,0.9631,0.0058,-0.0058,yes,"classifier fit partition changed from train+val (860 identities, n_train 4126) to train only (720 identities, n_train 3461); DEFECT-001 Option B canonical rerun"
Table 4,current_50D_ref [50-D] / neuraltextures,0.8039,0.7867,0.0172,-0.0172,yes,"classifier fit partition changed from train+val (860 identities, n_train 4126) to train only (720 identities, n_train 3461); DEFECT-001 Option B canonical rerun"
Table 4,current_50D_ref [50-D] / mean,0.8934,0.8825,0.0109,-0.0109,yes,"classifier fit partition changed from train+val (860 identities, n_train 4126) to train only (720 identities, n_train 3461); DEFECT-001 Option B canonical rerun"
Table 5,current(POS+CHROM) / overall,0.4782,0.4697,0.0085,-0.0085,yes,"classifier fit partition changed from train+val (860 identities, n_train 4126) to train only (720 identities, n_train 3461); DEFECT-001 Option B canonical rerun"
Table 5,current(POS+CHROM) / c23,0.4792,0.456,0.0232,-0.0232,yes,"classifier fit partition changed from train+val (860 identities, n_train 4126) to train only (720 identities, n_train 3461); DEFECT-001 Option B canonical rerun"
Table 5,current(POS+CHROM) / c40,0.478,0.4827,0.0047,0.0047,yes,"classifier fit partition changed from train+val (860 identities, n_train 4126) to train only (720 identities, n_train 3461); DEFECT-001 Option B canonical rerun"
Table 5,current(POS+CHROM) / low_motion,0.4939,0.4904,0.0035,-0.0035,yes,"classifier fit partition changed from train+val (860 identities, n_train 4126) to train only (720 identities, n_train 3461); DEFECT-001 Option B canonical rerun"
Table 5,current(POS+CHROM) / high_motion,0.4649,0.4543,0.0106,-0.0106,yes,"classifier fit partition changed from train+val (860 identities, n_train 4126) to train only (720 identities, n_train 3461); DEFECT-001 Option B canonical rerun"
Table 5,current(POS+CHROM) / low_illum,0.4711,0.4731,0.002,0.002,yes,"classifier fit partition changed from train+val (860 identities, n_train 4126) to train only (720 identities, n_train 3461); DEFECT-001 Option B canonical rerun"
Table 5,current(POS+CHROM) / high_illum,0.4845,0.4674,0.0171,-0.0171,yes,"classifier fit partition changed from train+val (860 identities, n_train 4126) to train only (720 identities, n_train 3461); DEFECT-001 Option B canonical rerun"
Table 5,current(POS+CHROM) / short_seq,0.5004,0.4883,0.0121,-0.0121,yes,"classifier fit partition changed from train+val (860 identities, n_train 4126) to train only (720 identities, n_train 3461); DEFECT-001 Option B canonical rerun"
Table 5,current(POS+CHROM) / long_seq,0.4627,0.4586,0.0041,-0.0041,yes,"classifier fit partition changed from train+val (860 identities, n_train 4126) to train only (720 identities, n_train 3461); DEFECT-001 Option B canonical rerun"
Table 5,POS / overall,0.5178,0.5152,0.0026,-0.0026,yes,"classifier fit partition changed from train+val (860 identities, n_train 4126) to train only (720 identities, n_train 3461); DEFECT-001 Option B canonical rerun"
Table 5,POS / c23,0.5464,0.5498,0.0034,0.0034,yes,"classifier fit partition changed from train+val (860 identities, n_train 4126) to train only (720 identities, n_train 3461); DEFECT-001 Option B canonical rerun"
Table 5,POS / c40,0.4913,0.4843,0.007,-0.007,yes,"classifier fit partition changed from train+val (860 identities, n_train 4126) to train only (720 identities, n_train 3461); DEFECT-001 Option B canonical rerun"
Table 5,POS / low_motion,0.5715,0.5286,0.0429,-0.0429,yes,"classifier fit partition changed from train+val (860 identities, n_train 4126) to train only (720 identities, n_train 3461); DEFECT-001 Option B canonical rerun"
Table 5,POS / high_motion,0.4753,0.5068,0.0315,0.0315,yes,"classifier fit partition changed from train+val (860 identities, n_train 4126) to train only (720 identities, n_train 3461); DEFECT-001 Option B canonical rerun"
Table 5,POS / low_illum,0.5068,0.5094,0.0026,0.0026,yes,"classifier fit partition changed from train+val (860 identities, n_train 4126) to train only (720 identities, n_train 3461); DEFECT-001 Option B canonical rerun"
Table 5,POS / high_illum,0.5272,0.5206,0.0066,-0.0066,yes,"classifier fit partition changed from train+val (860 identities, n_train 4126) to train only (720 identities, n_train 3461); DEFECT-001 Option B canonical rerun"
Table 5,POS / short_seq,0.5331,0.5332,0.0001,0.0001,yes,"classifier fit partition changed from train+val (860 identities, n_train 4126) to train only (720 identities, n_train 3461); DEFECT-001 Option B canonical rerun"
Table 5,POS / long_seq,0.5098,0.5059,0.0039,-0.0039,yes,"classifier fit partition changed from train+val (860 identities, n_train 4126) to train only (720 identities, n_train 3461); DEFECT-001 Option B canonical rerun"
Table 5,CHROM / overall,0.4663,0.5021,0.0358,0.0358,yes,"classifier fit partition changed from train+val (860 identities, n_train 4126) to train only (720 identities, n_train 3461); DEFECT-001 Option B canonical rerun"
Table 5,CHROM / c23,0.4842,0.5363,0.0521,0.0521,yes,"classifier fit partition changed from train+val (860 identities, n_train 4126) to train only (720 identities, n_train 3461); DEFECT-001 Option B canonical rerun"
Table 5,CHROM / c40,0.4481,0.466,0.0179,0.0179,yes,"classifier fit partition changed from train+val (860 identities, n_train 4126) to train only (720 identities, n_train 3461); DEFECT-001 Option B canonical rerun"
Table 5,CHROM / low_motion,0.4165,0.4644,0.0479,0.0479,yes,"classifier fit partition changed from train+val (860 identities, n_train 4126) to train only (720 identities, n_train 3461); DEFECT-001 Option B canonical rerun"
Table 5,CHROM / high_motion,0.5129,0.532,0.0191,0.0191,yes,"classifier fit partition changed from train+val (860 identities, n_train 4126) to train only (720 identities, n_train 3461); DEFECT-001 Option B canonical rerun"
Table 5,CHROM / low_illum,0.4622,0.4881,0.0259,0.0259,yes,"classifier fit partition changed from train+val (860 identities, n_train 4126) to train only (720 identities, n_train 3461); DEFECT-001 Option B canonical rerun"
Table 5,CHROM / high_illum,0.4697,0.5134,0.0437,0.0437,yes,"classifier fit partition changed from train+val (860 identities, n_train 4126) to train only (720 identities, n_train 3461); DEFECT-001 Option B canonical rerun"
Table 5,CHROM / short_seq,0.4929,0.5683,0.0754,0.0754,yes,"classifier fit partition changed from train+val (860 identities, n_train 4126) to train only (720 identities, n_train 3461); DEFECT-001 Option B canonical rerun"
Table 5,CHROM / long_seq,0.4528,0.4708,0.018,0.018,yes,"classifier fit partition changed from train+val (860 identities, n_train 4126) to train only (720 identities, n_train 3461); DEFECT-001 Option B canonical rerun"
Tables 16/17,deepfakes / c23_auc,0.9752,0.9706,0.0046,-0.0046,yes,"classifier fit partition changed from train+val (860 identities, n_train 4126) to train only (720 identities, n_train 3461); DEFECT-001 Option B canonical rerun"
Tables 16/17,deepfakes / c40_auc,0.9437,0.9398,0.0039,-0.0039,yes,"classifier fit partition changed from train+val (860 identities, n_train 4126) to train only (720 identities, n_train 3461); DEFECT-001 Option B canonical rerun"
Tables 16/17,deepfakes / delta_auc,-0.0315,-0.0308,0.0007,0.0007,yes,"classifier fit partition changed from train+val (860 identities, n_train 4126) to train only (720 identities, n_train 3461); DEFECT-001 Option B canonical rerun"
Tables 16/17,deepfakes / c23_mcc,0.7903,0.7988,0.0085,0.0085,yes,"classifier fit partition changed from train+val (860 identities, n_train 4126) to train only (720 identities, n_train 3461); DEFECT-001 Option B canonical rerun"
Tables 16/17,deepfakes / c40_mcc,0.6973,0.6667,0.0306,-0.0306,yes,"classifier fit partition changed from train+val (860 identities, n_train 4126) to train only (720 identities, n_train 3461); DEFECT-001 Option B canonical rerun"
Tables 16/17,deepfakes / cross_c23train_c40test_auc,0.9242,0.9262,0.002,0.002,yes,"classifier fit partition changed from train+val (860 identities, n_train 4126) to train only (720 identities, n_train 3461); DEFECT-001 Option B canonical rerun"
Tables 16/17,deepfakes / c23_ci_lo,0.9603,0.9539,0.0064,-0.0064,yes,"classifier fit partition changed from train+val (860 identities, n_train 4126) to train only (720 identities, n_train 3461); DEFECT-001 Option B canonical rerun"
Tables 16/17,deepfakes / c23_ci_hi,0.9872,0.9845,0.0027,-0.0027,yes,"classifier fit partition changed from train+val (860 identities, n_train 4126) to train only (720 identities, n_train 3461); DEFECT-001 Option B canonical rerun"
Tables 16/17,deepfakes / c40_ci_lo,0.9154,0.9114,0.004,-0.004,yes,"classifier fit partition changed from train+val (860 identities, n_train 4126) to train only (720 identities, n_train 3461); DEFECT-001 Option B canonical rerun"
Tables 16/17,deepfakes / c40_ci_hi,0.9667,0.9636,0.0031,-0.0031,yes,"classifier fit partition changed from train+val (860 identities, n_train 4126) to train only (720 identities, n_train 3461); DEFECT-001 Option B canonical rerun"
Tables 16/17,face2face / c23_auc,0.8255,0.8096,0.0159,-0.0159,yes,"classifier fit partition changed from train+val (860 identities, n_train 4126) to train only (720 identities, n_train 3461); DEFECT-001 Option B canonical rerun"
Tables 16/17,face2face / c40_auc,0.7574,0.7675,0.0101,0.0101,yes,"classifier fit partition changed from train+val (860 identities, n_train 4126) to train only (720 identities, n_train 3461); DEFECT-001 Option B canonical rerun"
Tables 16/17,face2face / delta_auc,-0.0681,-0.0421,0.026,0.026,yes,"classifier fit partition changed from train+val (860 identities, n_train 4126) to train only (720 identities, n_train 3461); DEFECT-001 Option B canonical rerun"
Tables 16/17,face2face / c23_mcc,0.5299,0.5075,0.0224,-0.0224,yes,"classifier fit partition changed from train+val (860 identities, n_train 4126) to train only (720 identities, n_train 3461); DEFECT-001 Option B canonical rerun"
Tables 16/17,face2face / c40_mcc,0.342,0.394,0.052,0.052,yes,"classifier fit partition changed from train+val (860 identities, n_train 4126) to train only (720 identities, n_train 3461); DEFECT-001 Option B canonical rerun"
Tables 16/17,face2face / cross_c23train_c40test_auc,0.6727,0.6678,0.0049,-0.0049,yes,"classifier fit partition changed from train+val (860 identities, n_train 4126) to train only (720 identities, n_train 3461); DEFECT-001 Option B canonical rerun"
Tables 16/17,face2face / c23_ci_lo,0.7747,0.7576,0.0171,-0.0171,yes,"classifier fit partition changed from train+val (860 identities, n_train 4126) to train only (720 identities, n_train 3461); DEFECT-001 Option B canonical rerun"
Tables 16/17,face2face / c23_ci_hi,0.8727,0.858,0.0147,-0.0147,yes,"classifier fit partition changed from train+val (860 identities, n_train 4126) to train only (720 identities, n_train 3461); DEFECT-001 Option B canonical rerun"
Tables 16/17,face2face / c40_ci_lo,0.6986,0.7084,0.0098,0.0098,yes,"classifier fit partition changed from train+val (860 identities, n_train 4126) to train only (720 identities, n_train 3461); DEFECT-001 Option B canonical rerun"
Tables 16/17,face2face / c40_ci_hi,0.8114,0.8206,0.0092,0.0092,yes,"classifier fit partition changed from train+val (860 identities, n_train 4126) to train only (720 identities, n_train 3461); DEFECT-001 Option B canonical rerun"
Tables 16/17,faceswap / c23_auc,0.9689,0.9631,0.0058,-0.0058,yes,"classifier fit partition changed from train+val (860 identities, n_train 4126) to train only (720 identities, n_train 3461); DEFECT-001 Option B canonical rerun"
Tables 16/17,faceswap / c40_auc,0.8507,0.8588,0.0081,0.0081,yes,"classifier fit partition changed from train+val (860 identities, n_train 4126) to train only (720 identities, n_train 3461); DEFECT-001 Option B canonical rerun"
Tables 16/17,faceswap / delta_auc,-0.1182,-0.1043,0.0139,0.0139,yes,"classifier fit partition changed from train+val (860 identities, n_train 4126) to train only (720 identities, n_train 3461); DEFECT-001 Option B canonical rerun"
Tables 16/17,faceswap / c23_mcc,0.8248,0.7892,0.0356,-0.0356,yes,"classifier fit partition changed from train+val (860 identities, n_train 4126) to train only (720 identities, n_train 3461); DEFECT-001 Option B canonical rerun"
Tables 16/17,faceswap / c40_mcc,0.5275,0.5441,0.0166,0.0166,yes,"classifier fit partition changed from train+val (860 identities, n_train 4126) to train only (720 identities, n_train 3461); DEFECT-001 Option B canonical rerun"
Tables 16/17,faceswap / cross_c23train_c40test_auc,0.6943,0.7056,0.0113,0.0113,yes,"classifier fit partition changed from train+val (860 identities, n_train 4126) to train only (720 identities, n_train 3461); DEFECT-001 Option B canonical rerun"
Tables 16/17,faceswap / c23_ci_lo,0.9497,0.9416,0.0081,-0.0081,yes,"classifier fit partition changed from train+val (860 identities, n_train 4126) to train only (720 identities, n_train 3461); DEFECT-001 Option B canonical rerun"
Tables 16/17,faceswap / c23_ci_hi,0.9839,0.9799,0.004,-0.004,yes,"classifier fit partition changed from train+val (860 identities, n_train 4126) to train only (720 identities, n_train 3461); DEFECT-001 Option B canonical rerun"
Tables 16/17,faceswap / c40_ci_lo,0.8033,0.812,0.0087,0.0087,yes,"classifier fit partition changed from train+val (860 identities, n_train 4126) to train only (720 identities, n_train 3461); DEFECT-001 Option B canonical rerun"
Tables 16/17,faceswap / c40_ci_hi,0.8941,0.9018,0.0077,0.0077,yes,"classifier fit partition changed from train+val (860 identities, n_train 4126) to train only (720 identities, n_train 3461); DEFECT-001 Option B canonical rerun"
Tables 16/17,neuraltextures / c23_auc,0.8039,0.7867,0.0172,-0.0172,yes,"classifier fit partition changed from train+val (860 identities, n_train 4126) to train only (720 identities, n_train 3461); DEFECT-001 Option B canonical rerun"
Tables 16/17,neuraltextures / c40_auc,0.7343,0.7386,0.0043,0.0043,yes,"classifier fit partition changed from train+val (860 identities, n_train 4126) to train only (720 identities, n_train 3461); DEFECT-001 Option B canonical rerun"
Tables 16/17,neuraltextures / delta_auc,-0.0696,-0.0481,0.0215,0.0215,yes,"classifier fit partition changed from train+val (860 identities, n_train 4126) to train only (720 identities, n_train 3461); DEFECT-001 Option B canonical rerun"
Tables 16/17,neuraltextures / c23_mcc,0.5026,0.3982,0.1044,-0.1044,yes,"classifier fit partition changed from train+val (860 identities, n_train 4126) to train only (720 identities, n_train 3461); DEFECT-001 Option B canonical rerun"
Tables 16/17,neuraltextures / c40_mcc,0.4009,0.3485,0.0524,-0.0524,yes,"classifier fit partition changed from train+val (860 identities, n_train 4126) to train only (720 identities, n_train 3461); DEFECT-001 Option B canonical rerun"
Tables 16/17,neuraltextures / cross_c23train_c40test_auc,0.691,0.6944,0.0034,0.0034,yes,"classifier fit partition changed from train+val (860 identities, n_train 4126) to train only (720 identities, n_train 3461); DEFECT-001 Option B canonical rerun"
Tables 16/17,neuraltextures / c23_ci_lo,0.7489,0.7306,0.0183,-0.0183,yes,"classifier fit partition changed from train+val (860 identities, n_train 4126) to train only (720 identities, n_train 3461); DEFECT-001 Option B canonical rerun"
Tables 16/17,neuraltextures / c23_ci_hi,0.854,0.8372,0.0168,-0.0168,yes,"classifier fit partition changed from train+val (860 identities, n_train 4126) to train only (720 identities, n_train 3461); DEFECT-001 Option B canonical rerun"
Tables 16/17,neuraltextures / c40_ci_lo,0.6763,0.6792,0.0029,0.0029,yes,"classifier fit partition changed from train+val (860 identities, n_train 4126) to train only (720 identities, n_train 3461); DEFECT-001 Option B canonical rerun"
Tables 16/17,neuraltextures / c40_ci_hi,0.7935,0.795,0.0015,0.0015,yes,"classifier fit partition changed from train+val (860 identities, n_train 4126) to train only (720 identities, n_train 3461); DEFECT-001 Option B canonical rerun"
Table 10,delong[0]/auc_diff,0.2,0.129,0.071,-0.071,yes,"classifier fit partition changed from train+val (860 identities, n_train 4126) to train only (720 identities, n_train 3461); DEFECT-001 Option B canonical rerun"
Table 10,delong[0]/auc_full,0.9752,0.9706,0.0046,-0.0046,yes,"classifier fit partition changed from train+val (860 identities, n_train 4126) to train only (720 identities, n_train 3461); DEFECT-001 Option B canonical rerun"
Table 10,delong[0]/auc_sub,0.7752,0.8416,0.0664,0.0664,yes,"classifier fit partition changed from train+val (860 identities, n_train 4126) to train only (720 identities, n_train 3461); DEFECT-001 Option B canonical rerun"
Table 10,delong[0]/ci95[0],0.1521,0.0857,0.0664,-0.0664,yes,"classifier fit partition changed from train+val (860 identities, n_train 4126) to train only (720 identities, n_train 3461); DEFECT-001 Option B canonical rerun"
Table 10,delong[0]/ci95[1],0.2536,0.176,0.0776,-0.0776,yes,"classifier fit partition changed from train+val (860 identities, n_train 4126) to train only (720 identities, n_train 3461); DEFECT-001 Option B canonical rerun"
Table 10,delong[0]/p_holm,0.0,0.0,0.0,0.0,no,"classifier fit partition changed from train+val (860 identities, n_train 4126) to train only (720 identities, n_train 3461); DEFECT-001 Option B canonical rerun"
Table 10,delong[0]/p_value,0.0,0.0,0.0,0.0,no,"classifier fit partition changed from train+val (860 identities, n_train 4126) to train only (720 identities, n_train 3461); DEFECT-001 Option B canonical rerun"
Table 10,delong[0]/z,7.626,5.65,1.976,-1.976,yes,"classifier fit partition changed from train+val (860 identities, n_train 4126) to train only (720 identities, n_train 3461); DEFECT-001 Option B canonical rerun"
Table 10,delong[10]/auc_diff,0.1184,0.104,0.0144,-0.0144,yes,"classifier fit partition changed from train+val (860 identities, n_train 4126) to train only (720 identities, n_train 3461); DEFECT-001 Option B canonical rerun"
Table 10,delong[10]/auc_full,0.9691,0.9628,0.0063,-0.0063,yes,"classifier fit partition changed from train+val (860 identities, n_train 4126) to train only (720 identities, n_train 3461); DEFECT-001 Option B canonical rerun"
Table 10,delong[10]/auc_sub,0.8507,0.8588,0.0081,0.0081,yes,"classifier fit partition changed from train+val (860 identities, n_train 4126) to train only (720 identities, n_train 3461); DEFECT-001 Option B canonical rerun"
Table 10,delong[10]/ci95[0],0.0791,0.0651,0.014,-0.014,yes,"classifier fit partition changed from train+val (860 identities, n_train 4126) to train only (720 identities, n_train 3461); DEFECT-001 Option B canonical rerun"
Table 10,delong[10]/ci95[1],0.1608,0.1465,0.0143,-0.0143,yes,"classifier fit partition changed from train+val (860 identities, n_train 4126) to train only (720 identities, n_train 3461); DEFECT-001 Option B canonical rerun"
Table 10,delong[10]/p_holm,0.0,0.0,0.0,0.0,no,"classifier fit partition changed from train+val (860 identities, n_train 4126) to train only (720 identities, n_train 3461); DEFECT-001 Option B canonical rerun"
Table 10,delong[10]/p_value,0.0,0.0,0.0,0.0,no,"classifier fit partition changed from train+val (860 identities, n_train 4126) to train only (720 identities, n_train 3461); DEFECT-001 Option B canonical rerun"
Table 10,delong[10]/z,5.567,4.977,0.59,-0.59,yes,"classifier fit partition changed from train+val (860 identities, n_train 4126) to train only (720 identities, n_train 3461); DEFECT-001 Option B canonical rerun"
Table 10,delong[11]/auc_diff,0.0692,0.048,0.0212,-0.0212,yes,"classifier fit partition changed from train+val (860 identities, n_train 4126) to train only (720 identities, n_train 3461); DEFECT-001 Option B canonical rerun"
Table 10,delong[11]/auc_full,0.8035,0.7866,0.0169,-0.0169,yes,"classifier fit partition changed from train+val (860 identities, n_train 4126) to train only (720 identities, n_train 3461); DEFECT-001 Option B canonical rerun"
Table 10,delong[11]/auc_sub,0.7343,0.7386,0.0043,0.0043,yes,"classifier fit partition changed from train+val (860 identities, n_train 4126) to train only (720 identities, n_train 3461); DEFECT-001 Option B canonical rerun"
Table 10,delong[11]/ci95[0],0.0242,0.0026,0.0216,-0.0216,yes,"classifier fit partition changed from train+val (860 identities, n_train 4126) to train only (720 identities, n_train 3461); DEFECT-001 Option B canonical rerun"
Table 10,delong[11]/ci95[1],0.1152,0.0964,0.0188,-0.0188,yes,"classifier fit partition changed from train+val (860 identities, n_train 4126) to train only (720 identities, n_train 3461); DEFECT-001 Option B canonical rerun"
Table 10,delong[11]/p_holm,0.014,0.2645,0.2505,0.2505,yes,"classifier fit partition changed from train+val (860 identities, n_train 4126) to train only (720 identities, n_train 3461); DEFECT-001 Option B canonical rerun"
Table 10,delong[11]/p_value,0.0028,0.0441,0.0413,0.0413,yes,"classifier fit partition changed from train+val (860 identities, n_train 4126) to train only (720 identities, n_train 3461); DEFECT-001 Option B canonical rerun"
Table 10,delong[11]/z,2.99,2.013,0.977,-0.977,yes,"classifier fit partition changed from train+val (860 identities, n_train 4126) to train only (720 identities, n_train 3461); DEFECT-001 Option B canonical rerun"
Table 10,delong[1]/auc_diff,0.014,0.0121,0.0019,-0.0019,yes,"classifier fit partition changed from train+val (860 identities, n_train 4126) to train only (720 identities, n_train 3461); DEFECT-001 Option B canonical rerun"
Table 10,delong[1]/auc_full,0.9752,0.9706,0.0046,-0.0046,yes,"classifier fit partition changed from train+val (860 identities, n_train 4126) to train only (720 identities, n_train 3461); DEFECT-001 Option B canonical rerun"
Table 10,delong[1]/auc_sub,0.9612,0.9585,0.0027,-0.0027,yes,"classifier fit partition changed from train+val (860 identities, n_train 4126) to train only (720 identities, n_train 3461); DEFECT-001 Option B canonical rerun"
Table 10,delong[1]/ci95[0],0.0021,-0.0002,0.0023,-0.0023,yes,"classifier fit partition changed from train+val (860 identities, n_train 4126) to train only (720 identities, n_train 3461); DEFECT-001 Option B canonical rerun"
Table 10,delong[1]/ci95[1],0.0284,0.0263,0.0021,-0.0021,yes,"classifier fit partition changed from train+val (860 identities, n_train 4126) to train only (720 identities, n_train 3461); DEFECT-001 Option B canonical rerun"
Table 10,delong[1]/p_holm,0.0626,0.3773,0.3147,0.3147,yes,"classifier fit partition changed from train+val (860 identities, n_train 4126) to train only (720 identities, n_train 3461); DEFECT-001 Option B canonical rerun"
Table 10,delong[1]/p_value,0.0361,0.0755,0.0393,0.0393,yes,"classifier fit partition changed from train+val (860 identities, n_train 4126) to train only (720 identities, n_train 3461); DEFECT-001 Option B canonical rerun"
Table 10,delong[1]/z,2.095,1.778,0.317,-0.317,yes,"classifier fit partition changed from train+val (860 identities, n_train 4126) to train only (720 identities, n_train 3461); DEFECT-001 Option B canonical rerun"
Table 10,delong[2]/auc_diff,0.1829,0.1396,0.0433,-0.0433,yes,"classifier fit partition changed from train+val (860 identities, n_train 4126) to train only (720 identities, n_train 3461); DEFECT-001 Option B canonical rerun"
Table 10,delong[2]/auc_full,0.8255,0.8096,0.0159,-0.0159,yes,"classifier fit partition changed from train+val (860 identities, n_train 4126) to train only (720 identities, n_train 3461); DEFECT-001 Option B canonical rerun"
Table 10,delong[2]/auc_sub,0.6426,0.67,0.0274,0.0274,yes,"classifier fit partition changed from train+val (860 identities, n_train 4126) to train only (720 identities, n_train 3461); DEFECT-001 Option B canonical rerun"
Table 10,delong[2]/ci95[0],0.1145,0.0729,0.0416,-0.0416,yes,"classifier fit partition changed from train+val (860 identities, n_train 4126) to train only (720 identities, n_train 3461); DEFECT-001 Option B canonical rerun"
Table 10,delong[2]/ci95[1],0.2495,0.2075,0.042,-0.042,yes,"classifier fit partition changed from train+val (860 identities, n_train 4126) to train only (720 identities, n_train 3461); DEFECT-001 Option B canonical rerun"
Table 10,delong[2]/p_holm,0.0,0.0003,0.0003,0.0003,yes,"classifier fit partition changed from train+val (860 identities, n_train 4126) to train only (720 identities, n_train 3461); DEFECT-001 Option B canonical rerun"
Table 10,delong[2]/p_value,0.0,0.0,0.0,0.0,no,"classifier fit partition changed from train+val (860 identities, n_train 4126) to train only (720 identities, n_train 3461); DEFECT-001 Option B canonical rerun"
Table 10,delong[2]/z,5.306,4.094,1.212,-1.212,yes,"classifier fit partition changed from train+val (860 identities, n_train 4126) to train only (720 identities, n_train 3461); DEFECT-001 Option B canonical rerun"
Table 10,delong[3]/auc_diff,0.0662,0.0252,0.041,-0.041,yes,"classifier fit partition changed from train+val (860 identities, n_train 4126) to train only (720 identities, n_train 3461); DEFECT-001 Option B canonical rerun"
Table 10,delong[3]/auc_full,0.8255,0.8096,0.0159,-0.0159,yes,"classifier fit partition changed from train+val (860 identities, n_train 4126) to train only (720 identities, n_train 3461); DEFECT-001 Option B canonical rerun"
Table 10,delong[3]/auc_sub,0.7594,0.7844,0.025,0.025,yes,"classifier fit partition changed from train+val (860 identities, n_train 4126) to train only (720 identities, n_train 3461); DEFECT-001 Option B canonical rerun"
Table 10,delong[3]/ci95[0],0.0254,-0.0127,0.0381,-0.0381,yes,"classifier fit partition changed from train+val (860 identities, n_train 4126) to train only (720 identities, n_train 3461); DEFECT-001 Option B canonical rerun"
Table 10,delong[3]/ci95[1],0.1085,0.062,0.0465,-0.0465,yes,"classifier fit partition changed from train+val (860 identities, n_train 4126) to train only (720 identities, n_train 3461); DEFECT-001 Option B canonical rerun"
Table 10,delong[3]/p_holm,0.0114,0.523,0.5116,0.5116,yes,"classifier fit partition changed from train+val (860 identities, n_train 4126) to train only (720 identities, n_train 3461); DEFECT-001 Option B canonical rerun"
Table 10,delong[3]/p_value,0.0019,0.1743,0.1724,0.1724,yes,"classifier fit partition changed from train+val (860 identities, n_train 4126) to train only (720 identities, n_train 3461); DEFECT-001 Option B canonical rerun"
Table 10,delong[3]/z,3.105,1.358,1.747,-1.747,yes,"classifier fit partition changed from train+val (860 identities, n_train 4126) to train only (720 identities, n_train 3461); DEFECT-001 Option B canonical rerun"
Table 10,delong[4]/auc_diff,0.1057,0.1399,0.0342,0.0342,yes,"classifier fit partition changed from train+val (860 identities, n_train 4126) to train only (720 identities, n_train 3461); DEFECT-001 Option B canonical rerun"
Table 10,delong[4]/auc_full,0.9689,0.9631,0.0058,-0.0058,yes,"classifier fit partition changed from train+val (860 identities, n_train 4126) to train only (720 identities, n_train 3461); DEFECT-001 Option B canonical rerun"
Table 10,delong[4]/auc_sub,0.8632,0.8232,0.04,-0.04,yes,"classifier fit partition changed from train+val (860 identities, n_train 4126) to train only (720 identities, n_train 3461); DEFECT-001 Option B canonical rerun"
Table 10,delong[4]/ci95[0],0.0689,0.0929,0.024,0.024,yes,"classifier fit partition changed from train+val (860 identities, n_train 4126) to train only (720 identities, n_train 3461); DEFECT-001 Option B canonical rerun"
Table 10,delong[4]/ci95[1],0.1451,0.1886,0.0435,0.0435,yes,"classifier fit partition changed from train+val (860 identities, n_train 4126) to train only (720 identities, n_train 3461); DEFECT-001 Option B canonical rerun"
Table 10,delong[4]/p_holm,0.0,0.0,0.0,0.0,no,"classifier fit partition changed from train+val (860 identities, n_train 4126) to train only (720 identities, n_train 3461); DEFECT-001 Option B canonical rerun"
Table 10,delong[4]/p_value,0.0,0.0,0.0,-0.0,no,"classifier fit partition changed from train+val (860 identities, n_train 4126) to train only (720 identities, n_train 3461); DEFECT-001 Option B canonical rerun"
Table 10,delong[4]/z,5.276,5.784,0.508,0.508,yes,"classifier fit partition changed from train+val (860 identities, n_train 4126) to train only (720 identities, n_train 3461); DEFECT-001 Option B canonical rerun"
Table 10,delong[5]/auc_diff,0.0415,0.0139,0.0276,-0.0276,yes,"classifier fit partition changed from train+val (860 identities, n_train 4126) to train only (720 identities, n_train 3461); DEFECT-001 Option B canonical rerun"
Table 10,delong[5]/auc_full,0.9689,0.9631,0.0058,-0.0058,yes,"classifier fit partition changed from train+val (860 identities, n_train 4126) to train only (720 identities, n_train 3461); DEFECT-001 Option B canonical rerun"
Table 10,delong[5]/auc_sub,0.9275,0.9493,0.0218,0.0218,yes,"classifier fit partition changed from train+val (860 identities, n_train 4126) to train only (720 identities, n_train 3461); DEFECT-001 Option B canonical rerun"
Table 10,delong[5]/ci95[0],0.018,-0.0017,0.0197,-0.0197,yes,"classifier fit partition changed from train+val (860 identities, n_train 4126) to train only (720 identities, n_train 3461); DEFECT-001 Option B canonical rerun"
Table 10,delong[5]/ci95[1],0.0684,0.0308,0.0376,-0.0376,yes,"classifier fit partition changed from train+val (860 identities, n_train 4126) to train only (720 identities, n_train 3461); DEFECT-001 Option B canonical rerun"
Table 10,delong[5]/p_holm,0.0079,0.3773,0.3694,0.3694,yes,"classifier fit partition changed from train+val (860 identities, n_train 4126) to train only (720 identities, n_train 3461); DEFECT-001 Option B canonical rerun"
Table 10,delong[5]/p_value,0.0011,0.0943,0.0932,0.0932,yes,"classifier fit partition changed from train+val (860 identities, n_train 4126) to train only (720 identities, n_train 3461); DEFECT-001 Option B canonical rerun"
Table 10,delong[5]/z,3.257,1.673,1.584,-1.584,yes,"classifier fit partition changed from train+val (860 identities, n_train 4126) to train only (720 identities, n_train 3461); DEFECT-001 Option B canonical rerun"
Table 10,delong[6]/auc_diff,0.1524,0.2093,0.0569,0.0569,yes,"classifier fit partition changed from train+val (860 identities, n_train 4126) to train only (720 identities, n_train 3461); DEFECT-001 Option B canonical rerun"
Table 10,delong[6]/auc_full,0.8039,0.7867,0.0172,-0.0172,yes,"classifier fit partition changed from train+val (860 identities, n_train 4126) to train only (720 identities, n_train 3461); DEFECT-001 Option B canonical rerun"
Table 10,delong[6]/auc_sub,0.6514,0.5774,0.074,-0.074,yes,"classifier fit partition changed from train+val (860 identities, n_train 4126) to train only (720 identities, n_train 3461); DEFECT-001 Option B canonical rerun"
Table 10,delong[6]/ci95[0],0.0882,0.1318,0.0436,0.0436,yes,"classifier fit partition changed from train+val (860 identities, n_train 4126) to train only (720 identities, n_train 3461); DEFECT-001 Option B canonical rerun"
Table 10,delong[6]/ci95[1],0.2196,0.2896,0.07,0.07,yes,"classifier fit partition changed from train+val (860 identities, n_train 4126) to train only (720 identities, n_train 3461); DEFECT-001 Option B canonical rerun"
Table 10,delong[6]/p_holm,0.0,0.0,0.0,0.0,no,"classifier fit partition changed from train+val (860 identities, n_train 4126) to train only (720 identities, n_train 3461); DEFECT-001 Option B canonical rerun"
Table 10,delong[6]/p_value,0.0,0.0,0.0,-0.0,no,"classifier fit partition changed from train+val (860 identities, n_train 4126) to train only (720 identities, n_train 3461); DEFECT-001 Option B canonical rerun"
Table 10,delong[6]/z,4.568,5.292,0.724,0.724,yes,"classifier fit partition changed from train+val (860 identities, n_train 4126) to train only (720 identities, n_train 3461); DEFECT-001 Option B canonical rerun"
Table 10,delong[7]/auc_diff,0.0593,0.0287,0.0306,-0.0306,yes,"classifier fit partition changed from train+val (860 identities, n_train 4126) to train only (720 identities, n_train 3461); DEFECT-001 Option B canonical rerun"
Table 10,delong[7]/auc_full,0.8039,0.7867,0.0172,-0.0172,yes,"classifier fit partition changed from train+val (860 identities, n_train 4126) to train only (720 identities, n_train 3461); DEFECT-001 Option B canonical rerun"
Table 10,delong[7]/auc_sub,0.7446,0.758,0.0134,0.0134,yes,"classifier fit partition changed from train+val (860 identities, n_train 4126) to train only (720 identities, n_train 3461); DEFECT-001 Option B canonical rerun"
Table 10,delong[7]/ci95[0],0.0157,-0.0271,0.0428,-0.0428,yes,"classifier fit partition changed from train+val (860 identities, n_train 4126) to train only (720 identities, n_train 3461); DEFECT-001 Option B canonical rerun"
Table 10,delong[7]/ci95[1],0.1037,0.0816,0.0221,-0.0221,yes,"classifier fit partition changed from train+val (860 identities, n_train 4126) to train only (720 identities, n_train 3461); DEFECT-001 Option B canonical rerun"
Table 10,delong[7]/p_holm,0.0259,0.523,0.4971,0.4971,yes,"classifier fit partition changed from train+val (860 identities, n_train 4126) to train only (720 identities, n_train 3461); DEFECT-001 Option B canonical rerun"
Table 10,delong[7]/p_value,0.0086,0.2874,0.2788,0.2788,yes,"classifier fit partition changed from train+val (860 identities, n_train 4126) to train only (720 identities, n_train 3461); DEFECT-001 Option B canonical rerun"
Table 10,delong[7]/z,2.626,1.064,1.562,-1.562,yes,"classifier fit partition changed from train+val (860 identities, n_train 4126) to train only (720 identities, n_train 3461); DEFECT-001 Option B canonical rerun"
Table 10,delong[8]/auc_diff,0.0314,0.0309,0.0005,-0.0005,yes,"classifier fit partition changed from train+val (860 identities, n_train 4126) to train only (720 identities, n_train 3461); DEFECT-001 Option B canonical rerun"
Table 10,delong[8]/auc_full,0.9751,0.9707,0.0044,-0.0044,yes,"classifier fit partition changed from train+val (860 identities, n_train 4126) to train only (720 identities, n_train 3461); DEFECT-001 Option B canonical rerun"
Table 10,delong[8]/auc_sub,0.9437,0.9398,0.0039,-0.0039,yes,"classifier fit partition changed from train+val (860 identities, n_train 4126) to train only (720 identities, n_train 3461); DEFECT-001 Option B canonical rerun"
Table 10,delong[8]/ci95[0],0.0107,0.0107,0.0,0.0,no,"classifier fit partition changed from train+val (860 identities, n_train 4126) to train only (720 identities, n_train 3461); DEFECT-001 Option B canonical rerun"
Table 10,delong[8]/ci95[1],0.0539,0.0533,0.0006,-0.0006,yes,"classifier fit partition changed from train+val (860 identities, n_train 4126) to train only (720 identities, n_train 3461); DEFECT-001 Option B canonical rerun"
Table 10,delong[8]/p_holm,0.014,0.0212,0.0072,0.0072,yes,"classifier fit partition changed from train+val (860 identities, n_train 4126) to train only (720 identities, n_train 3461); DEFECT-001 Option B canonical rerun"
Table 10,delong[8]/p_value,0.0035,0.003,0.0005,-0.0005,yes,"classifier fit partition changed from train+val (860 identities, n_train 4126) to train only (720 identities, n_train 3461); DEFECT-001 Option B canonical rerun"
Table 10,delong[8]/z,2.921,2.964,0.043,0.043,yes,"classifier fit partition changed from train+val (860 identities, n_train 4126) to train only (720 identities, n_train 3461); DEFECT-001 Option B canonical rerun"
Table 10,delong[9]/auc_diff,0.0698,0.043,0.0268,-0.0268,yes,"classifier fit partition changed from train+val (860 identities, n_train 4126) to train only (720 identities, n_train 3461); DEFECT-001 Option B canonical rerun"
Table 10,delong[9]/auc_full,0.8279,0.8116,0.0163,-0.0163,yes,"classifier fit partition changed from train+val (860 identities, n_train 4126) to train only (720 identities, n_train 3461); DEFECT-001 Option B canonical rerun"
Table 10,delong[9]/auc_sub,0.7581,0.7686,0.0105,0.0105,yes,"classifier fit partition changed from train+val (860 identities, n_train 4126) to train only (720 identities, n_train 3461); DEFECT-001 Option B canonical rerun"
Table 10,delong[9]/ci95[0],0.0051,-0.0211,0.0262,-0.0262,yes,"classifier fit partition changed from train+val (860 identities, n_train 4126) to train only (720 identities, n_train 3461); DEFECT-001 Option B canonical rerun"
Table 10,delong[9]/ci95[1],0.133,0.1038,0.0292,-0.0292,yes,"classifier fit partition changed from train+val (860 identities, n_train 4126) to train only (720 identities, n_train 3461); DEFECT-001 Option B canonical rerun"
Table 10,delong[9]/p_holm,0.0626,0.523,0.4604,0.4604,yes,"classifier fit partition changed from train+val (860 identities, n_train 4126) to train only (720 identities, n_train 3461); DEFECT-001 Option B canonical rerun"
Table 10,delong[9]/p_value,0.0313,0.1758,0.1445,0.1445,yes,"classifier fit partition changed from train+val (860 identities, n_train 4126) to train only (720 identities, n_train 3461); DEFECT-001 Option B canonical rerun"
Table 10,delong[9]/z,2.154,1.354,0.8,-0.8,yes,"classifier fit partition changed from train+val (860 identities, n_train 4126) to train only (720 identities, n_train 3461); DEFECT-001 Option B canonical rerun"
Table 10,mcnemar[0]/b_only_base_correct,54.0,54.0,0.0,0.0,no,"classifier fit partition changed from train+val (860 identities, n_train 4126) to train only (720 identities, n_train 3461); DEFECT-001 Option B canonical rerun"
Table 10,mcnemar[0]/c_only_cal_correct,12.0,12.0,0.0,0.0,no,"classifier fit partition changed from train+val (860 identities, n_train 4126) to train only (720 identities, n_train 3461); DEFECT-001 Option B canonical rerun"
Table 10,mcnemar[0]/p_value,0.0,0.0,0.0,0.0,no,"classifier fit partition changed from train+val (860 identities, n_train 4126) to train only (720 identities, n_train 3461); DEFECT-001 Option B canonical rerun"
Table 10,mcnemar[0]/statistic,25.4697,25.4697,0.0,0.0,no,"classifier fit partition changed from train+val (860 identities, n_train 4126) to train only (720 identities, n_train 3461); DEFECT-001 Option B canonical rerun"
Table 10,wilcoxon[0]/mean_full,0.7728,0.7728,0.0,0.0,no,"classifier fit partition changed from train+val (860 identities, n_train 4126) to train only (720 identities, n_train 3461); DEFECT-001 Option B canonical rerun"
Table 10,wilcoxon[0]/mean_top3,0.6443,0.6921,0.0478,0.0478,yes,"classifier fit partition changed from train+val (860 identities, n_train 4126) to train only (720 identities, n_train 3461); DEFECT-001 Option B canonical rerun"
Table 10,wilcoxon[0]/p_value,0.002,0.002,0.0,0.0,no,"classifier fit partition changed from train+val (860 identities, n_train 4126) to train only (720 identities, n_train 3461); DEFECT-001 Option B canonical rerun"
Table 10,wilcoxon[0]/statistic,0.0,0.0,0.0,0.0,no,"classifier fit partition changed from train+val (860 identities, n_train 4126) to train only (720 identities, n_train 3461); DEFECT-001 Option B canonical rerun"
Redundancy analysis,dedup_auc/deepfakes,0.9766,0.9711,0.0055,-0.0055,yes,"classifier fit partition changed from train+val (860 identities, n_train 4126) to train only (720 identities, n_train 3461); DEFECT-001 Option B canonical rerun"
Redundancy analysis,dedup_auc/face2face,0.8257,0.8137,0.012,-0.012,yes,"classifier fit partition changed from train+val (860 identities, n_train 4126) to train only (720 identities, n_train 3461); DEFECT-001 Option B canonical rerun"
Redundancy analysis,dedup_auc/faceswap,0.9657,0.962,0.0037,-0.0037,yes,"classifier fit partition changed from train+val (860 identities, n_train 4126) to train only (720 identities, n_train 3461); DEFECT-001 Option B canonical rerun"
Redundancy analysis,dedup_auc/neuraltextures,0.7955,0.7966,0.0011,0.0011,yes,"classifier fit partition changed from train+val (860 identities, n_train 4126) to train only (720 identities, n_train 3461); DEFECT-001 Option B canonical rerun"
Redundancy analysis,full_auc/deepfakes,0.9752,0.9706,0.0046,-0.0046,yes,"classifier fit partition changed from train+val (860 identities, n_train 4126) to train only (720 identities, n_train 3461); DEFECT-001 Option B canonical rerun"
Redundancy analysis,full_auc/face2face,0.8255,0.8096,0.0159,-0.0159,yes,"classifier fit partition changed from train+val (860 identities, n_train 4126) to train only (720 identities, n_train 3461); DEFECT-001 Option B canonical rerun"
Redundancy analysis,full_auc/faceswap,0.9689,0.9631,0.0058,-0.0058,yes,"classifier fit partition changed from train+val (860 identities, n_train 4126) to train only (720 identities, n_train 3461); DEFECT-001 Option B canonical rerun"
Redundancy analysis,full_auc/neuraltextures,0.8039,0.7867,0.0172,-0.0172,yes,"classifier fit partition changed from train+val (860 identities, n_train 4126) to train only (720 identities, n_train 3461); DEFECT-001 Option B canonical rerun"
Redundancy analysis,n_features_dropped,2.0,2.0,0.0,0.0,no,"classifier fit partition changed from train+val (860 identities, n_train 4126) to train only (720 identities, n_train 3461); DEFECT-001 Option B canonical rerun"
Redundancy analysis,n_highly_correlated_pairs,2.0,2.0,0.0,0.0,no,"classifier fit partition changed from train+val (860 identities, n_train 4126) to train only (720 identities, n_train 3461); DEFECT-001 Option B canonical rerun"
Redundancy analysis,n_kept,48.0,48.0,0.0,0.0,no,"classifier fit partition changed from train+val (860 identities, n_train 4126) to train only (720 identities, n_train 3461); DEFECT-001 Option B canonical rerun"
Redundancy analysis,pairs[0]/pearson,0.9577,0.9577,0.0,0.0,no,"classifier fit partition changed from train+val (860 identities, n_train 4126) to train only (720 identities, n_train 3461); DEFECT-001 Option B canonical rerun"
Redundancy analysis,pairs[0]/spearman,0.9999,0.9999,0.0,0.0,no,"classifier fit partition changed from train+val (860 identities, n_train 4126) to train only (720 identities, n_train 3461); DEFECT-001 Option B canonical rerun"
Redundancy analysis,pairs[1]/pearson,0.9067,0.9067,0.0,0.0,no,"classifier fit partition changed from train+val (860 identities, n_train 4126) to train only (720 identities, n_train 3461); DEFECT-001 Option B canonical rerun"
Redundancy analysis,pairs[1]/spearman,0.9192,0.9192,0.0,0.0,no,"classifier fit partition changed from train+val (860 identities, n_train 4126) to train only (720 identities, n_train 3461); DEFECT-001 Option B canonical rerun"
Redundancy analysis,vif_max,30.1,30.1,0.0,0.0,no,"classifier fit partition changed from train+val (860 identities, n_train 4126) to train only (720 identities, n_train 3461); DEFECT-001 Option B canonical rerun"
Table 18,model_size_kb / top-3,501.9,504.5,2.6,2.6,yes,"classifier fit partition changed from train+val (860 identities, n_train 4126) to train only (720 identities, n_train 3461); DEFECT-001 Option B canonical rerun"
Table 18,model_size_kb / top-10,585.0,538.7,46.3,-46.3,yes,"classifier fit partition changed from train+val (860 identities, n_train 4126) to train only (720 identities, n_train 3461); DEFECT-001 Option B canonical rerun"
Table 18,model_size_kb / top-20,590.1,542.7,47.4,-47.4,yes,"classifier fit partition changed from train+val (860 identities, n_train 4126) to train only (720 identities, n_train 3461); DEFECT-001 Option B canonical rerun"
Table 18,model_size_kb / all-50,611.2,600.7,10.5,-10.5,yes,"classifier fit partition changed from train+val (860 identities, n_train 4126) to train only (720 identities, n_train 3461); DEFECT-001 Option B canonical rerun"
Table 18,inference_ms_per_video / all-50,0.199,0.151,0.048,-0.048,yes,"classifier fit partition changed from train+val (860 identities, n_train 4126) to train only (720 identities, n_train 3461); DEFECT-001 Option B canonical rerun"
Table 18,extraction_s_per_video,48.586,48.586,0.0,0.0,no,extraction timing is independent of the classifier fit partition; not re-measured
Table 18,rtf,3.196,3.196,0.0,0.0,no,extraction timing is independent of the classifier fit partition; not re-measured
Table 18,peak_ram_mb,3462.3,3462.3,0.0,0.0,no,extraction timing is independent of the classifier fit partition; not re-measured
