dataset,descriptor,family,miss_rate_real,miss_rate_fake
FFpp_c23_deepfakes,s_benford_dev,codec_dependent,0.0,0.0
FFpp_c23_deepfakes,s_block_artifact,codec_dependent,0.0,0.0
FFpp_c23_deepfakes,s_blur_mag,spatial_other,0.0,0.0
FFpp_c23_deepfakes,s_dbl_compress,codec_dependent,0.0,0.0
FFpp_c23_deepfakes,s_face_bg_diff,background_dependent,0.0,0.0
FFpp_c23_deepfakes,s_flow_dir_consist,spatial_other,0.0,0.0
FFpp_c23_deepfakes,s_flow_mag,spatial_other,0.0,0.0
FFpp_c23_deepfakes,s_noise_hf_ratio,spatial_other,0.0,0.0
FFpp_c23_deepfakes,s_noise_res_std,spatial_other,0.0,0.0
FFpp_c23_deepfakes,s_noise_vmr,spatial_other,0.0,0.0
FFpp_c23_deepfakes,s_prnu_energy,spatial_other,0.0,0.0
FFpp_c23_deepfakes,s_prnu_face_periph,background_dependent,0.0,0.0
FFpp_c23_deepfakes,s_shadow_score,spatial_other,0.0,0.0
FFpp_c23_deepfakes,t_blink_duration,temporal_other,0.1567,0.3534
FFpp_c23_deepfakes,t_blink_rate,temporal_other,0.1567,0.3534
FFpp_c23_deepfakes,t_blink_symmetry,temporal_other,0.0,0.0
FFpp_c23_deepfakes,t_boundary_color_disc,background_dependent,0.0,0.0
FFpp_c23_deepfakes,t_boundary_freq_leakage,background_dependent,0.0,0.0
FFpp_c23_deepfakes,t_boundary_grad_temporal,background_dependent,0.0,0.0
FFpp_c23_deepfakes,t_coupling_consistency,temporal_other,0.0,0.0
FFpp_c23_deepfakes,t_dct_temporal_autocorr,temporal_other,0.0,0.0
FFpp_c23_deepfakes,t_dct_temporal_std,temporal_other,0.0,0.0
FFpp_c23_deepfakes,t_face_ssim_mean,temporal_other,0.0,0.0
FFpp_c23_deepfakes,t_face_ssim_min,temporal_other,0.0,0.0
FFpp_c23_deepfakes,t_face_ssim_std,temporal_other,0.0,0.0
FFpp_c23_deepfakes,t_interpupillary_std,temporal_other,0.0,0.0
FFpp_c23_deepfakes,t_jaw_chin_rigidity,temporal_other,0.0,0.0
FFpp_c23_deepfakes,t_landmark_accel_var,temporal_other,0.0,0.0
FFpp_c23_deepfakes,t_landmark_jitter,temporal_other,0.0,0.0
FFpp_c23_deepfakes,t_landmark_velocity_autocorr,temporal_other,0.0,0.0
FFpp_c23_deepfakes,t_motion_blur_coupling,temporal_other,0.0,0.0
FFpp_c23_deepfakes,t_noise_corr_std,temporal_other,0.0,0.0
FFpp_c23_deepfakes,t_noise_spectral_entropy,temporal_other,0.0075,0.0
FFpp_c23_deepfakes,t_noise_temporal_corr,temporal_other,0.0,0.0
FFpp_c23_deepfakes,t_nose_bridge_std,temporal_other,0.0,0.0
FFpp_c23_deepfakes,t_prnu_face_vs_bg,background_dependent,0.0,0.0
FFpp_c23_deepfakes,t_prnu_temporal_stability,temporal_other,0.0,0.0
FFpp_c23_deepfakes,t_residual_entropy,codec_dependent,0.0,0.0
FFpp_c23_deepfakes,t_residual_flow_corr,codec_dependent,0.0,0.0
FFpp_c23_deepfakes,t_rigid_dist_var,temporal_other,0.0,0.0
FFpp_c23_deepfakes,t_rppg_harmonic_ratio,rppg,0.0,0.0
FFpp_c23_deepfakes,t_rppg_interregion_corr,rppg,0.0,0.0
FFpp_c23_deepfakes,t_rppg_peak_prominence,rppg,0.0,0.0
FFpp_c23_deepfakes,t_rppg_snr,rppg,0.0,0.0
FFpp_c23_deepfakes,t_skin_bg_decorrelation,background_dependent,0.0,0.0
FFpp_c23_deepfakes,t_skin_color_jitter,temporal_other,0.0,0.0
FFpp_c23_deepfakes,t_skin_texture_corr,temporal_other,0.0,0.0
FFpp_c23_deepfakes,t_specular_stability,temporal_other,0.0,0.0
FFpp_c23_deepfakes,t_specular_symmetry,temporal_other,0.0,0.0
FFpp_c23_deepfakes,t_texture_warp_residual,temporal_other,0.0,0.0
FFpp_c23_face2face,s_benford_dev,codec_dependent,0.0,0.0
FFpp_c23_face2face,s_block_artifact,codec_dependent,0.0,0.0
FFpp_c23_face2face,s_blur_mag,spatial_other,0.0,0.0
FFpp_c23_face2face,s_dbl_compress,codec_dependent,0.0,0.0
FFpp_c23_face2face,s_face_bg_diff,background_dependent,0.0,0.0
FFpp_c23_face2face,s_flow_dir_consist,spatial_other,0.0,0.0
FFpp_c23_face2face,s_flow_mag,spatial_other,0.0,0.0
FFpp_c23_face2face,s_noise_hf_ratio,spatial_other,0.0,0.0
FFpp_c23_face2face,s_noise_res_std,spatial_other,0.0,0.0
FFpp_c23_face2face,s_noise_vmr,spatial_other,0.0,0.0
FFpp_c23_face2face,s_prnu_energy,spatial_other,0.0,0.0
FFpp_c23_face2face,s_prnu_face_periph,background_dependent,0.0,0.0
FFpp_c23_face2face,s_shadow_score,spatial_other,0.0,0.0
FFpp_c23_face2face,t_blink_duration,temporal_other,0.1567,0.1716
FFpp_c23_face2face,t_blink_rate,temporal_other,0.1567,0.1716
FFpp_c23_face2face,t_blink_symmetry,temporal_other,0.0,0.0
FFpp_c23_face2face,t_boundary_color_disc,background_dependent,0.0,0.0
FFpp_c23_face2face,t_boundary_freq_leakage,background_dependent,0.0,0.0
FFpp_c23_face2face,t_boundary_grad_temporal,background_dependent,0.0,0.0
FFpp_c23_face2face,t_coupling_consistency,temporal_other,0.0,0.0
FFpp_c23_face2face,t_dct_temporal_autocorr,temporal_other,0.0,0.0
FFpp_c23_face2face,t_dct_temporal_std,temporal_other,0.0,0.0
FFpp_c23_face2face,t_face_ssim_mean,temporal_other,0.0,0.0
FFpp_c23_face2face,t_face_ssim_min,temporal_other,0.0,0.0
FFpp_c23_face2face,t_face_ssim_std,temporal_other,0.0,0.0
FFpp_c23_face2face,t_interpupillary_std,temporal_other,0.0,0.0
FFpp_c23_face2face,t_jaw_chin_rigidity,temporal_other,0.0,0.0
FFpp_c23_face2face,t_landmark_accel_var,temporal_other,0.0,0.0
FFpp_c23_face2face,t_landmark_jitter,temporal_other,0.0,0.0
FFpp_c23_face2face,t_landmark_velocity_autocorr,temporal_other,0.0,0.0
FFpp_c23_face2face,t_motion_blur_coupling,temporal_other,0.0,0.0
FFpp_c23_face2face,t_noise_corr_std,temporal_other,0.0,0.0
FFpp_c23_face2face,t_noise_spectral_entropy,temporal_other,0.0075,0.0
FFpp_c23_face2face,t_noise_temporal_corr,temporal_other,0.0,0.0
FFpp_c23_face2face,t_nose_bridge_std,temporal_other,0.0,0.0
FFpp_c23_face2face,t_prnu_face_vs_bg,background_dependent,0.0,0.0
FFpp_c23_face2face,t_prnu_temporal_stability,temporal_other,0.0,0.0
FFpp_c23_face2face,t_residual_entropy,codec_dependent,0.0,0.0
FFpp_c23_face2face,t_residual_flow_corr,codec_dependent,0.0,0.0
FFpp_c23_face2face,t_rigid_dist_var,temporal_other,0.0,0.0
FFpp_c23_face2face,t_rppg_harmonic_ratio,rppg,0.0,0.0
FFpp_c23_face2face,t_rppg_interregion_corr,rppg,0.0,0.0
FFpp_c23_face2face,t_rppg_peak_prominence,rppg,0.0,0.0
FFpp_c23_face2face,t_rppg_snr,rppg,0.0,0.0
FFpp_c23_face2face,t_skin_bg_decorrelation,background_dependent,0.0,0.0
FFpp_c23_face2face,t_skin_color_jitter,temporal_other,0.0,0.0
FFpp_c23_face2face,t_skin_texture_corr,temporal_other,0.0,0.0
FFpp_c23_face2face,t_specular_stability,temporal_other,0.0,0.0
FFpp_c23_face2face,t_specular_symmetry,temporal_other,0.0,0.0
FFpp_c23_face2face,t_texture_warp_residual,temporal_other,0.0,0.0
FFpp_c23_faceswap,s_benford_dev,codec_dependent,0.0,0.0
FFpp_c23_faceswap,s_block_artifact,codec_dependent,0.0,0.0
FFpp_c23_faceswap,s_blur_mag,spatial_other,0.0,0.0
FFpp_c23_faceswap,s_dbl_compress,codec_dependent,0.0,0.0
FFpp_c23_faceswap,s_face_bg_diff,background_dependent,0.0,0.0
FFpp_c23_faceswap,s_flow_dir_consist,spatial_other,0.0,0.0
FFpp_c23_faceswap,s_flow_mag,spatial_other,0.0,0.0
FFpp_c23_faceswap,s_noise_hf_ratio,spatial_other,0.0,0.0
FFpp_c23_faceswap,s_noise_res_std,spatial_other,0.0,0.0
FFpp_c23_faceswap,s_noise_vmr,spatial_other,0.0,0.0
FFpp_c23_faceswap,s_prnu_energy,spatial_other,0.0,0.0
FFpp_c23_faceswap,s_prnu_face_periph,background_dependent,0.0,0.0
FFpp_c23_faceswap,s_shadow_score,spatial_other,0.0,0.0
FFpp_c23_faceswap,t_blink_duration,temporal_other,0.1567,0.1926
FFpp_c23_faceswap,t_blink_rate,temporal_other,0.1567,0.1926
FFpp_c23_faceswap,t_blink_symmetry,temporal_other,0.0,0.0
FFpp_c23_faceswap,t_boundary_color_disc,background_dependent,0.0,0.0
FFpp_c23_faceswap,t_boundary_freq_leakage,background_dependent,0.0,0.0
FFpp_c23_faceswap,t_boundary_grad_temporal,background_dependent,0.0,0.0
FFpp_c23_faceswap,t_coupling_consistency,temporal_other,0.0,0.0
FFpp_c23_faceswap,t_dct_temporal_autocorr,temporal_other,0.0,0.0
FFpp_c23_faceswap,t_dct_temporal_std,temporal_other,0.0,0.0
FFpp_c23_faceswap,t_face_ssim_mean,temporal_other,0.0,0.0
FFpp_c23_faceswap,t_face_ssim_min,temporal_other,0.0,0.0
FFpp_c23_faceswap,t_face_ssim_std,temporal_other,0.0,0.0
FFpp_c23_faceswap,t_interpupillary_std,temporal_other,0.0,0.0
FFpp_c23_faceswap,t_jaw_chin_rigidity,temporal_other,0.0,0.0
FFpp_c23_faceswap,t_landmark_accel_var,temporal_other,0.0,0.0
FFpp_c23_faceswap,t_landmark_jitter,temporal_other,0.0,0.0
FFpp_c23_faceswap,t_landmark_velocity_autocorr,temporal_other,0.0,0.0
FFpp_c23_faceswap,t_motion_blur_coupling,temporal_other,0.0,0.0
FFpp_c23_faceswap,t_noise_corr_std,temporal_other,0.0,0.0
FFpp_c23_faceswap,t_noise_spectral_entropy,temporal_other,0.0075,0.0
FFpp_c23_faceswap,t_noise_temporal_corr,temporal_other,0.0,0.0
FFpp_c23_faceswap,t_nose_bridge_std,temporal_other,0.0,0.0
FFpp_c23_faceswap,t_prnu_face_vs_bg,background_dependent,0.0,0.0
FFpp_c23_faceswap,t_prnu_temporal_stability,temporal_other,0.0,0.0
FFpp_c23_faceswap,t_residual_entropy,codec_dependent,0.0,0.0
FFpp_c23_faceswap,t_residual_flow_corr,codec_dependent,0.0,0.0
FFpp_c23_faceswap,t_rigid_dist_var,temporal_other,0.0,0.0
FFpp_c23_faceswap,t_rppg_harmonic_ratio,rppg,0.0,0.0
FFpp_c23_faceswap,t_rppg_interregion_corr,rppg,0.0,0.0
FFpp_c23_faceswap,t_rppg_peak_prominence,rppg,0.0,0.0
FFpp_c23_faceswap,t_rppg_snr,rppg,0.0,0.0
FFpp_c23_faceswap,t_skin_bg_decorrelation,background_dependent,0.0,0.0
FFpp_c23_faceswap,t_skin_color_jitter,temporal_other,0.0,0.0
FFpp_c23_faceswap,t_skin_texture_corr,temporal_other,0.0,0.0
FFpp_c23_faceswap,t_specular_stability,temporal_other,0.0,0.0
FFpp_c23_faceswap,t_specular_symmetry,temporal_other,0.0,0.0
FFpp_c23_faceswap,t_texture_warp_residual,temporal_other,0.0,0.0
FFpp_c23_neuraltextures,s_benford_dev,codec_dependent,0.0,0.0
FFpp_c23_neuraltextures,s_block_artifact,codec_dependent,0.0,0.0
FFpp_c23_neuraltextures,s_blur_mag,spatial_other,0.0,0.0
FFpp_c23_neuraltextures,s_dbl_compress,codec_dependent,0.0,0.0
FFpp_c23_neuraltextures,s_face_bg_diff,background_dependent,0.0,0.0
FFpp_c23_neuraltextures,s_flow_dir_consist,spatial_other,0.0,0.0
FFpp_c23_neuraltextures,s_flow_mag,spatial_other,0.0,0.0
FFpp_c23_neuraltextures,s_noise_hf_ratio,spatial_other,0.0,0.0
FFpp_c23_neuraltextures,s_noise_res_std,spatial_other,0.0,0.0
FFpp_c23_neuraltextures,s_noise_vmr,spatial_other,0.0,0.0
FFpp_c23_neuraltextures,s_prnu_energy,spatial_other,0.0,0.0
FFpp_c23_neuraltextures,s_prnu_face_periph,background_dependent,0.0,0.0
FFpp_c23_neuraltextures,s_shadow_score,spatial_other,0.0,0.0
FFpp_c23_neuraltextures,t_blink_duration,temporal_other,0.1567,0.1259
FFpp_c23_neuraltextures,t_blink_rate,temporal_other,0.1567,0.1259
FFpp_c23_neuraltextures,t_blink_symmetry,temporal_other,0.0,0.0
FFpp_c23_neuraltextures,t_boundary_color_disc,background_dependent,0.0,0.0
FFpp_c23_neuraltextures,t_boundary_freq_leakage,background_dependent,0.0,0.0
FFpp_c23_neuraltextures,t_boundary_grad_temporal,background_dependent,0.0,0.0
FFpp_c23_neuraltextures,t_coupling_consistency,temporal_other,0.0,0.0
FFpp_c23_neuraltextures,t_dct_temporal_autocorr,temporal_other,0.0,0.0
FFpp_c23_neuraltextures,t_dct_temporal_std,temporal_other,0.0,0.0
FFpp_c23_neuraltextures,t_face_ssim_mean,temporal_other,0.0,0.0
FFpp_c23_neuraltextures,t_face_ssim_min,temporal_other,0.0,0.0
FFpp_c23_neuraltextures,t_face_ssim_std,temporal_other,0.0,0.0
FFpp_c23_neuraltextures,t_interpupillary_std,temporal_other,0.0,0.0
FFpp_c23_neuraltextures,t_jaw_chin_rigidity,temporal_other,0.0,0.0
FFpp_c23_neuraltextures,t_landmark_accel_var,temporal_other,0.0,0.0
FFpp_c23_neuraltextures,t_landmark_jitter,temporal_other,0.0,0.0
FFpp_c23_neuraltextures,t_landmark_velocity_autocorr,temporal_other,0.0,0.0
FFpp_c23_neuraltextures,t_motion_blur_coupling,temporal_other,0.0,0.0
FFpp_c23_neuraltextures,t_noise_corr_std,temporal_other,0.0,0.0
FFpp_c23_neuraltextures,t_noise_spectral_entropy,temporal_other,0.0075,0.0
FFpp_c23_neuraltextures,t_noise_temporal_corr,temporal_other,0.0,0.0
FFpp_c23_neuraltextures,t_nose_bridge_std,temporal_other,0.0,0.0
FFpp_c23_neuraltextures,t_prnu_face_vs_bg,background_dependent,0.0,0.0
FFpp_c23_neuraltextures,t_prnu_temporal_stability,temporal_other,0.0,0.0
FFpp_c23_neuraltextures,t_residual_entropy,codec_dependent,0.0,0.0
FFpp_c23_neuraltextures,t_residual_flow_corr,codec_dependent,0.0,0.0
FFpp_c23_neuraltextures,t_rigid_dist_var,temporal_other,0.0,0.0
FFpp_c23_neuraltextures,t_rppg_harmonic_ratio,rppg,0.0,0.0
FFpp_c23_neuraltextures,t_rppg_interregion_corr,rppg,0.0,0.0
FFpp_c23_neuraltextures,t_rppg_peak_prominence,rppg,0.0,0.0
FFpp_c23_neuraltextures,t_rppg_snr,rppg,0.0,0.0
FFpp_c23_neuraltextures,t_skin_bg_decorrelation,background_dependent,0.0,0.0
FFpp_c23_neuraltextures,t_skin_color_jitter,temporal_other,0.0,0.0
FFpp_c23_neuraltextures,t_skin_texture_corr,temporal_other,0.0,0.0
FFpp_c23_neuraltextures,t_specular_stability,temporal_other,0.0,0.0
FFpp_c23_neuraltextures,t_specular_symmetry,temporal_other,0.0,0.0
FFpp_c23_neuraltextures,t_texture_warp_residual,temporal_other,0.0,0.0
FFpp_c40_deepfakes,s_benford_dev,codec_dependent,0.0,0.0
FFpp_c40_deepfakes,s_block_artifact,codec_dependent,0.0,0.0
FFpp_c40_deepfakes,s_blur_mag,spatial_other,0.0,0.0
FFpp_c40_deepfakes,s_dbl_compress,codec_dependent,0.0,0.0
FFpp_c40_deepfakes,s_face_bg_diff,background_dependent,0.0,0.0
FFpp_c40_deepfakes,s_flow_dir_consist,spatial_other,0.0,0.0
FFpp_c40_deepfakes,s_flow_mag,spatial_other,0.0,0.0
FFpp_c40_deepfakes,s_noise_hf_ratio,spatial_other,0.0,0.0
FFpp_c40_deepfakes,s_noise_res_std,spatial_other,0.0,0.0
FFpp_c40_deepfakes,s_noise_vmr,spatial_other,0.0,0.0
FFpp_c40_deepfakes,s_prnu_energy,spatial_other,0.0,0.0
FFpp_c40_deepfakes,s_prnu_face_periph,background_dependent,0.0,0.0
FFpp_c40_deepfakes,s_shadow_score,spatial_other,0.0,0.0
FFpp_c40_deepfakes,t_blink_duration,temporal_other,0.2256,0.3282
FFpp_c40_deepfakes,t_blink_rate,temporal_other,0.2256,0.3282
FFpp_c40_deepfakes,t_blink_symmetry,temporal_other,0.0,0.0
FFpp_c40_deepfakes,t_boundary_color_disc,background_dependent,0.0,0.0
FFpp_c40_deepfakes,t_boundary_freq_leakage,background_dependent,0.0,0.0
FFpp_c40_deepfakes,t_boundary_grad_temporal,background_dependent,0.0,0.0
FFpp_c40_deepfakes,t_coupling_consistency,temporal_other,0.0,0.0
FFpp_c40_deepfakes,t_dct_temporal_autocorr,temporal_other,0.0,0.0
FFpp_c40_deepfakes,t_dct_temporal_std,temporal_other,0.0,0.0
FFpp_c40_deepfakes,t_face_ssim_mean,temporal_other,0.0,0.0
FFpp_c40_deepfakes,t_face_ssim_min,temporal_other,0.0,0.0
FFpp_c40_deepfakes,t_face_ssim_std,temporal_other,0.0,0.0
FFpp_c40_deepfakes,t_interpupillary_std,temporal_other,0.0,0.0
FFpp_c40_deepfakes,t_jaw_chin_rigidity,temporal_other,0.0,0.0
FFpp_c40_deepfakes,t_landmark_accel_var,temporal_other,0.0,0.0
FFpp_c40_deepfakes,t_landmark_jitter,temporal_other,0.0,0.0
FFpp_c40_deepfakes,t_landmark_velocity_autocorr,temporal_other,0.0,0.0
FFpp_c40_deepfakes,t_motion_blur_coupling,temporal_other,0.0,0.0
FFpp_c40_deepfakes,t_noise_corr_std,temporal_other,0.0,0.0
FFpp_c40_deepfakes,t_noise_spectral_entropy,temporal_other,0.0075,0.0
FFpp_c40_deepfakes,t_noise_temporal_corr,temporal_other,0.0,0.0
FFpp_c40_deepfakes,t_nose_bridge_std,temporal_other,0.0,0.0
FFpp_c40_deepfakes,t_prnu_face_vs_bg,background_dependent,0.0,0.0
FFpp_c40_deepfakes,t_prnu_temporal_stability,temporal_other,0.0,0.0
FFpp_c40_deepfakes,t_residual_entropy,codec_dependent,0.0,0.0
FFpp_c40_deepfakes,t_residual_flow_corr,codec_dependent,0.0,0.0
FFpp_c40_deepfakes,t_rigid_dist_var,temporal_other,0.0,0.0
FFpp_c40_deepfakes,t_rppg_harmonic_ratio,rppg,0.0075,0.0153
FFpp_c40_deepfakes,t_rppg_interregion_corr,rppg,0.0,0.0
FFpp_c40_deepfakes,t_rppg_peak_prominence,rppg,0.0,0.0
FFpp_c40_deepfakes,t_rppg_snr,rppg,0.0,0.0
FFpp_c40_deepfakes,t_skin_bg_decorrelation,background_dependent,0.0,0.0
FFpp_c40_deepfakes,t_skin_color_jitter,temporal_other,0.0,0.0
FFpp_c40_deepfakes,t_skin_texture_corr,temporal_other,0.0,0.0
FFpp_c40_deepfakes,t_specular_stability,temporal_other,0.0,0.0
FFpp_c40_deepfakes,t_specular_symmetry,temporal_other,0.0,0.0
FFpp_c40_deepfakes,t_texture_warp_residual,temporal_other,0.0,0.0
FFpp_c40_face2face,s_benford_dev,codec_dependent,0.0,0.0
FFpp_c40_face2face,s_block_artifact,codec_dependent,0.0,0.0
FFpp_c40_face2face,s_blur_mag,spatial_other,0.0,0.0
FFpp_c40_face2face,s_dbl_compress,codec_dependent,0.0,0.0
FFpp_c40_face2face,s_face_bg_diff,background_dependent,0.0,0.0
FFpp_c40_face2face,s_flow_dir_consist,spatial_other,0.0,0.0
FFpp_c40_face2face,s_flow_mag,spatial_other,0.0,0.0
FFpp_c40_face2face,s_noise_hf_ratio,spatial_other,0.0,0.0
FFpp_c40_face2face,s_noise_res_std,spatial_other,0.0,0.0
FFpp_c40_face2face,s_noise_vmr,spatial_other,0.0,0.0
FFpp_c40_face2face,s_prnu_energy,spatial_other,0.0,0.0
FFpp_c40_face2face,s_prnu_face_periph,background_dependent,0.0,0.0
FFpp_c40_face2face,s_shadow_score,spatial_other,0.0,0.0
FFpp_c40_face2face,t_blink_duration,temporal_other,0.2256,0.2612
FFpp_c40_face2face,t_blink_rate,temporal_other,0.2256,0.2612
FFpp_c40_face2face,t_blink_symmetry,temporal_other,0.0,0.0
FFpp_c40_face2face,t_boundary_color_disc,background_dependent,0.0,0.0
FFpp_c40_face2face,t_boundary_freq_leakage,background_dependent,0.0,0.0
FFpp_c40_face2face,t_boundary_grad_temporal,background_dependent,0.0,0.0
FFpp_c40_face2face,t_coupling_consistency,temporal_other,0.0,0.0
FFpp_c40_face2face,t_dct_temporal_autocorr,temporal_other,0.0,0.0
FFpp_c40_face2face,t_dct_temporal_std,temporal_other,0.0,0.0
FFpp_c40_face2face,t_face_ssim_mean,temporal_other,0.0,0.0
FFpp_c40_face2face,t_face_ssim_min,temporal_other,0.0,0.0
FFpp_c40_face2face,t_face_ssim_std,temporal_other,0.0,0.0
FFpp_c40_face2face,t_interpupillary_std,temporal_other,0.0,0.0
FFpp_c40_face2face,t_jaw_chin_rigidity,temporal_other,0.0,0.0
FFpp_c40_face2face,t_landmark_accel_var,temporal_other,0.0,0.0
FFpp_c40_face2face,t_landmark_jitter,temporal_other,0.0,0.0
FFpp_c40_face2face,t_landmark_velocity_autocorr,temporal_other,0.0,0.0
FFpp_c40_face2face,t_motion_blur_coupling,temporal_other,0.0,0.0
FFpp_c40_face2face,t_noise_corr_std,temporal_other,0.0,0.0
FFpp_c40_face2face,t_noise_spectral_entropy,temporal_other,0.0075,0.0
FFpp_c40_face2face,t_noise_temporal_corr,temporal_other,0.0,0.0
FFpp_c40_face2face,t_nose_bridge_std,temporal_other,0.0,0.0
FFpp_c40_face2face,t_prnu_face_vs_bg,background_dependent,0.0,0.0
FFpp_c40_face2face,t_prnu_temporal_stability,temporal_other,0.0,0.0
FFpp_c40_face2face,t_residual_entropy,codec_dependent,0.0,0.0
FFpp_c40_face2face,t_residual_flow_corr,codec_dependent,0.0,0.0
FFpp_c40_face2face,t_rigid_dist_var,temporal_other,0.0,0.0
FFpp_c40_face2face,t_rppg_harmonic_ratio,rppg,0.0075,0.0075
FFpp_c40_face2face,t_rppg_interregion_corr,rppg,0.0,0.0
FFpp_c40_face2face,t_rppg_peak_prominence,rppg,0.0,0.0
FFpp_c40_face2face,t_rppg_snr,rppg,0.0,0.0
FFpp_c40_face2face,t_skin_bg_decorrelation,background_dependent,0.0,0.0
FFpp_c40_face2face,t_skin_color_jitter,temporal_other,0.0,0.0
FFpp_c40_face2face,t_skin_texture_corr,temporal_other,0.0,0.0
FFpp_c40_face2face,t_specular_stability,temporal_other,0.0,0.0
FFpp_c40_face2face,t_specular_symmetry,temporal_other,0.0,0.0
FFpp_c40_face2face,t_texture_warp_residual,temporal_other,0.0,0.0
FFpp_c40_faceswap,s_benford_dev,codec_dependent,0.0,0.0
FFpp_c40_faceswap,s_block_artifact,codec_dependent,0.0,0.0
FFpp_c40_faceswap,s_blur_mag,spatial_other,0.0,0.0
FFpp_c40_faceswap,s_dbl_compress,codec_dependent,0.0,0.0
FFpp_c40_faceswap,s_face_bg_diff,background_dependent,0.0,0.0
FFpp_c40_faceswap,s_flow_dir_consist,spatial_other,0.0,0.0
FFpp_c40_faceswap,s_flow_mag,spatial_other,0.0,0.0
FFpp_c40_faceswap,s_noise_hf_ratio,spatial_other,0.0,0.0
FFpp_c40_faceswap,s_noise_res_std,spatial_other,0.0,0.0
FFpp_c40_faceswap,s_noise_vmr,spatial_other,0.0,0.0
FFpp_c40_faceswap,s_prnu_energy,spatial_other,0.0,0.0
FFpp_c40_faceswap,s_prnu_face_periph,background_dependent,0.0,0.0
FFpp_c40_faceswap,s_shadow_score,spatial_other,0.0,0.0
FFpp_c40_faceswap,t_blink_duration,temporal_other,0.2256,0.2985
FFpp_c40_faceswap,t_blink_rate,temporal_other,0.2256,0.2985
FFpp_c40_faceswap,t_blink_symmetry,temporal_other,0.0,0.0
FFpp_c40_faceswap,t_boundary_color_disc,background_dependent,0.0,0.0
FFpp_c40_faceswap,t_boundary_freq_leakage,background_dependent,0.0,0.0
FFpp_c40_faceswap,t_boundary_grad_temporal,background_dependent,0.0,0.0
FFpp_c40_faceswap,t_coupling_consistency,temporal_other,0.0,0.0
FFpp_c40_faceswap,t_dct_temporal_autocorr,temporal_other,0.0,0.0
FFpp_c40_faceswap,t_dct_temporal_std,temporal_other,0.0,0.0
FFpp_c40_faceswap,t_face_ssim_mean,temporal_other,0.0,0.0
FFpp_c40_faceswap,t_face_ssim_min,temporal_other,0.0,0.0
FFpp_c40_faceswap,t_face_ssim_std,temporal_other,0.0,0.0
FFpp_c40_faceswap,t_interpupillary_std,temporal_other,0.0,0.0
FFpp_c40_faceswap,t_jaw_chin_rigidity,temporal_other,0.0,0.0
FFpp_c40_faceswap,t_landmark_accel_var,temporal_other,0.0,0.0
FFpp_c40_faceswap,t_landmark_jitter,temporal_other,0.0,0.0
FFpp_c40_faceswap,t_landmark_velocity_autocorr,temporal_other,0.0,0.0
FFpp_c40_faceswap,t_motion_blur_coupling,temporal_other,0.0,0.0
FFpp_c40_faceswap,t_noise_corr_std,temporal_other,0.0,0.0
FFpp_c40_faceswap,t_noise_spectral_entropy,temporal_other,0.0075,0.0
FFpp_c40_faceswap,t_noise_temporal_corr,temporal_other,0.0,0.0
FFpp_c40_faceswap,t_nose_bridge_std,temporal_other,0.0,0.0
FFpp_c40_faceswap,t_prnu_face_vs_bg,background_dependent,0.0,0.0
FFpp_c40_faceswap,t_prnu_temporal_stability,temporal_other,0.0,0.0
FFpp_c40_faceswap,t_residual_entropy,codec_dependent,0.0,0.0
FFpp_c40_faceswap,t_residual_flow_corr,codec_dependent,0.0,0.0
FFpp_c40_faceswap,t_rigid_dist_var,temporal_other,0.0,0.0
FFpp_c40_faceswap,t_rppg_harmonic_ratio,rppg,0.0075,0.0075
FFpp_c40_faceswap,t_rppg_interregion_corr,rppg,0.0,0.0
FFpp_c40_faceswap,t_rppg_peak_prominence,rppg,0.0,0.0
FFpp_c40_faceswap,t_rppg_snr,rppg,0.0,0.0
FFpp_c40_faceswap,t_skin_bg_decorrelation,background_dependent,0.0,0.0
FFpp_c40_faceswap,t_skin_color_jitter,temporal_other,0.0,0.0
FFpp_c40_faceswap,t_skin_texture_corr,temporal_other,0.0,0.0
FFpp_c40_faceswap,t_specular_stability,temporal_other,0.0,0.0
FFpp_c40_faceswap,t_specular_symmetry,temporal_other,0.0,0.0
FFpp_c40_faceswap,t_texture_warp_residual,temporal_other,0.0,0.0
FFpp_c40_neuraltextures,s_benford_dev,codec_dependent,0.0,0.0
FFpp_c40_neuraltextures,s_block_artifact,codec_dependent,0.0,0.0
FFpp_c40_neuraltextures,s_blur_mag,spatial_other,0.0,0.0
FFpp_c40_neuraltextures,s_dbl_compress,codec_dependent,0.0,0.0
FFpp_c40_neuraltextures,s_face_bg_diff,background_dependent,0.0,0.0
FFpp_c40_neuraltextures,s_flow_dir_consist,spatial_other,0.0,0.0
FFpp_c40_neuraltextures,s_flow_mag,spatial_other,0.0,0.0
FFpp_c40_neuraltextures,s_noise_hf_ratio,spatial_other,0.0,0.0
FFpp_c40_neuraltextures,s_noise_res_std,spatial_other,0.0,0.0
FFpp_c40_neuraltextures,s_noise_vmr,spatial_other,0.0,0.0
FFpp_c40_neuraltextures,s_prnu_energy,spatial_other,0.0,0.0
FFpp_c40_neuraltextures,s_prnu_face_periph,background_dependent,0.0,0.0
FFpp_c40_neuraltextures,s_shadow_score,spatial_other,0.0,0.0
FFpp_c40_neuraltextures,t_blink_duration,temporal_other,0.2256,0.2164
FFpp_c40_neuraltextures,t_blink_rate,temporal_other,0.2256,0.2164
FFpp_c40_neuraltextures,t_blink_symmetry,temporal_other,0.0,0.0
FFpp_c40_neuraltextures,t_boundary_color_disc,background_dependent,0.0,0.0
FFpp_c40_neuraltextures,t_boundary_freq_leakage,background_dependent,0.0,0.0
FFpp_c40_neuraltextures,t_boundary_grad_temporal,background_dependent,0.0,0.0
FFpp_c40_neuraltextures,t_coupling_consistency,temporal_other,0.0,0.0
FFpp_c40_neuraltextures,t_dct_temporal_autocorr,temporal_other,0.0,0.0
FFpp_c40_neuraltextures,t_dct_temporal_std,temporal_other,0.0,0.0
FFpp_c40_neuraltextures,t_face_ssim_mean,temporal_other,0.0,0.0
FFpp_c40_neuraltextures,t_face_ssim_min,temporal_other,0.0,0.0
FFpp_c40_neuraltextures,t_face_ssim_std,temporal_other,0.0,0.0
FFpp_c40_neuraltextures,t_interpupillary_std,temporal_other,0.0,0.0
FFpp_c40_neuraltextures,t_jaw_chin_rigidity,temporal_other,0.0,0.0
FFpp_c40_neuraltextures,t_landmark_accel_var,temporal_other,0.0,0.0
FFpp_c40_neuraltextures,t_landmark_jitter,temporal_other,0.0,0.0
FFpp_c40_neuraltextures,t_landmark_velocity_autocorr,temporal_other,0.0,0.0
FFpp_c40_neuraltextures,t_motion_blur_coupling,temporal_other,0.0,0.0
FFpp_c40_neuraltextures,t_noise_corr_std,temporal_other,0.0,0.0
FFpp_c40_neuraltextures,t_noise_spectral_entropy,temporal_other,0.0075,0.0
FFpp_c40_neuraltextures,t_noise_temporal_corr,temporal_other,0.0,0.0
FFpp_c40_neuraltextures,t_nose_bridge_std,temporal_other,0.0,0.0
FFpp_c40_neuraltextures,t_prnu_face_vs_bg,background_dependent,0.0,0.0
FFpp_c40_neuraltextures,t_prnu_temporal_stability,temporal_other,0.0,0.0
FFpp_c40_neuraltextures,t_residual_entropy,codec_dependent,0.0,0.0
FFpp_c40_neuraltextures,t_residual_flow_corr,codec_dependent,0.0,0.0
FFpp_c40_neuraltextures,t_rigid_dist_var,temporal_other,0.0,0.0
FFpp_c40_neuraltextures,t_rppg_harmonic_ratio,rppg,0.0075,0.0373
FFpp_c40_neuraltextures,t_rppg_interregion_corr,rppg,0.0,0.0
FFpp_c40_neuraltextures,t_rppg_peak_prominence,rppg,0.0,0.0
FFpp_c40_neuraltextures,t_rppg_snr,rppg,0.0,0.0
FFpp_c40_neuraltextures,t_skin_bg_decorrelation,background_dependent,0.0,0.0
FFpp_c40_neuraltextures,t_skin_color_jitter,temporal_other,0.0,0.0
FFpp_c40_neuraltextures,t_skin_texture_corr,temporal_other,0.0,0.0
FFpp_c40_neuraltextures,t_specular_stability,temporal_other,0.0,0.0
FFpp_c40_neuraltextures,t_specular_symmetry,temporal_other,0.0,0.0
FFpp_c40_neuraltextures,t_texture_warp_residual,temporal_other,0.0,0.0
CelebDF_v2,s_benford_dev,codec_dependent,0.0,0.0
CelebDF_v2,s_block_artifact,codec_dependent,0.0,0.0
CelebDF_v2,s_blur_mag,spatial_other,0.0,0.0
CelebDF_v2,s_dbl_compress,codec_dependent,0.0,0.0
CelebDF_v2,s_face_bg_diff,background_dependent,0.0,0.0
CelebDF_v2,s_flow_dir_consist,spatial_other,0.0,0.0
CelebDF_v2,s_flow_mag,spatial_other,0.0,0.0
CelebDF_v2,s_noise_hf_ratio,spatial_other,0.0,0.0
CelebDF_v2,s_noise_res_std,spatial_other,0.0,0.0
CelebDF_v2,s_noise_vmr,spatial_other,0.0,0.0
CelebDF_v2,s_prnu_energy,spatial_other,0.0,0.0
CelebDF_v2,s_prnu_face_periph,background_dependent,0.0,0.0
CelebDF_v2,s_shadow_score,spatial_other,0.0,0.0
CelebDF_v2,t_blink_duration,temporal_other,0.208,0.1527
CelebDF_v2,t_blink_rate,temporal_other,0.208,0.1527
CelebDF_v2,t_blink_symmetry,temporal_other,0.0,0.0
CelebDF_v2,t_boundary_color_disc,background_dependent,0.0,0.0
CelebDF_v2,t_boundary_freq_leakage,background_dependent,0.0,0.0
CelebDF_v2,t_boundary_grad_temporal,background_dependent,0.0,0.0
CelebDF_v2,t_coupling_consistency,temporal_other,0.0,0.0
CelebDF_v2,t_dct_temporal_autocorr,temporal_other,0.0,0.0
CelebDF_v2,t_dct_temporal_std,temporal_other,0.0,0.0
CelebDF_v2,t_face_ssim_mean,temporal_other,0.0,0.0
CelebDF_v2,t_face_ssim_min,temporal_other,0.0,0.0
CelebDF_v2,t_face_ssim_std,temporal_other,0.0,0.0
CelebDF_v2,t_interpupillary_std,temporal_other,0.0,0.0
CelebDF_v2,t_jaw_chin_rigidity,temporal_other,0.0,0.0
CelebDF_v2,t_landmark_accel_var,temporal_other,0.0,0.0
CelebDF_v2,t_landmark_jitter,temporal_other,0.0,0.0
CelebDF_v2,t_landmark_velocity_autocorr,temporal_other,0.0,0.0
CelebDF_v2,t_motion_blur_coupling,temporal_other,0.0,0.0
CelebDF_v2,t_noise_corr_std,temporal_other,0.0,0.0
CelebDF_v2,t_noise_spectral_entropy,temporal_other,0.0063,0.0004
CelebDF_v2,t_noise_temporal_corr,temporal_other,0.0,0.0
CelebDF_v2,t_nose_bridge_std,temporal_other,0.0,0.0
CelebDF_v2,t_prnu_face_vs_bg,background_dependent,0.0,0.0
CelebDF_v2,t_prnu_temporal_stability,temporal_other,0.0,0.0
CelebDF_v2,t_residual_entropy,codec_dependent,0.0,0.0
CelebDF_v2,t_residual_flow_corr,codec_dependent,0.0,0.0
CelebDF_v2,t_rigid_dist_var,temporal_other,0.0,0.0
CelebDF_v2,t_rppg_harmonic_ratio,rppg,0.0,0.0
CelebDF_v2,t_rppg_interregion_corr,rppg,0.0,0.0
CelebDF_v2,t_rppg_peak_prominence,rppg,0.0,0.0
CelebDF_v2,t_rppg_snr,rppg,0.0,0.0
CelebDF_v2,t_skin_bg_decorrelation,background_dependent,0.0,0.0
CelebDF_v2,t_skin_color_jitter,temporal_other,0.0,0.0
CelebDF_v2,t_skin_texture_corr,temporal_other,0.0,0.0
CelebDF_v2,t_specular_stability,temporal_other,0.0,0.0
CelebDF_v2,t_specular_symmetry,temporal_other,0.0,0.0
CelebDF_v2,t_texture_warp_residual,temporal_other,0.0,0.0
WildDeepfake,s_benford_dev,codec_dependent,0.0,0.0
WildDeepfake,s_block_artifact,codec_dependent,0.0,0.0
WildDeepfake,s_blur_mag,spatial_other,0.0,0.0
WildDeepfake,s_dbl_compress,codec_dependent,0.0,0.0
WildDeepfake,s_face_bg_diff,background_dependent,0.0,0.0
WildDeepfake,s_flow_dir_consist,spatial_other,0.0,0.0
WildDeepfake,s_flow_mag,spatial_other,0.0,0.0
WildDeepfake,s_noise_hf_ratio,spatial_other,0.0,0.0
WildDeepfake,s_noise_res_std,spatial_other,0.0,0.0
WildDeepfake,s_noise_vmr,spatial_other,0.0,0.0
WildDeepfake,s_prnu_energy,spatial_other,0.0,0.0
WildDeepfake,s_prnu_face_periph,background_dependent,0.0,0.0
WildDeepfake,s_shadow_score,spatial_other,0.0,0.0
WildDeepfake,t_blink_duration,temporal_other,0.7636,0.5797
WildDeepfake,t_blink_rate,temporal_other,0.9091,0.8261
WildDeepfake,t_blink_symmetry,temporal_other,0.1636,0.1739
WildDeepfake,t_boundary_color_disc,background_dependent,0.1636,0.1739
WildDeepfake,t_boundary_freq_leakage,background_dependent,0.1636,0.1739
WildDeepfake,t_boundary_grad_temporal,background_dependent,0.1636,0.1739
WildDeepfake,t_coupling_consistency,temporal_other,0.1636,0.1739
WildDeepfake,t_dct_temporal_autocorr,temporal_other,0.1636,0.1739
WildDeepfake,t_dct_temporal_std,temporal_other,0.1636,0.1739
WildDeepfake,t_face_ssim_mean,temporal_other,0.1636,0.1739
WildDeepfake,t_face_ssim_min,temporal_other,0.1636,0.1739
WildDeepfake,t_face_ssim_std,temporal_other,0.1636,0.1739
WildDeepfake,t_interpupillary_std,temporal_other,0.2364,0.2029
WildDeepfake,t_jaw_chin_rigidity,temporal_other,0.2364,0.2029
WildDeepfake,t_landmark_accel_var,temporal_other,0.2364,0.2029
WildDeepfake,t_landmark_jitter,temporal_other,0.2364,0.2029
WildDeepfake,t_landmark_velocity_autocorr,temporal_other,0.2364,0.2029
WildDeepfake,t_motion_blur_coupling,temporal_other,0.1636,0.1739
WildDeepfake,t_noise_corr_std,temporal_other,0.1636,0.1739
WildDeepfake,t_noise_spectral_entropy,temporal_other,0.2182,0.1884
WildDeepfake,t_noise_temporal_corr,temporal_other,0.1636,0.1739
WildDeepfake,t_nose_bridge_std,temporal_other,0.2364,0.2029
WildDeepfake,t_prnu_face_vs_bg,background_dependent,0.1636,0.1739
WildDeepfake,t_prnu_temporal_stability,temporal_other,0.1636,0.1739
WildDeepfake,t_residual_entropy,codec_dependent,0.1636,0.1739
WildDeepfake,t_residual_flow_corr,codec_dependent,0.1636,0.1739
WildDeepfake,t_rigid_dist_var,temporal_other,0.2364,0.2029
WildDeepfake,t_rppg_harmonic_ratio,rppg,0.9091,0.9275
WildDeepfake,t_rppg_interregion_corr,rppg,0.9091,0.8551
WildDeepfake,t_rppg_peak_prominence,rppg,0.9091,0.8551
WildDeepfake,t_rppg_snr,rppg,0.9091,0.8551
WildDeepfake,t_skin_bg_decorrelation,background_dependent,0.1636,0.1739
WildDeepfake,t_skin_color_jitter,temporal_other,0.1636,0.1739
WildDeepfake,t_skin_texture_corr,temporal_other,0.1636,0.1739
WildDeepfake,t_specular_stability,temporal_other,0.1636,0.1739
WildDeepfake,t_specular_symmetry,temporal_other,0.1636,0.1739
WildDeepfake,t_texture_warp_residual,temporal_other,0.1636,0.1739
