dataset,pillar,n_pillar_feats,full_auc,loGo_auc,delta_auc,delta_ci_lo,delta_ci_hi,n_test
Deepfakes,P1_noise,3,0.9706,0.9717,-0.0011,-0.0056,0.0033,267
Deepfakes,P2_prnu,2,0.9706,0.9723,-0.0017,-0.0065,0.0028,267
Deepfakes,P4_shadow,2,0.9706,0.9713,-0.0007,-0.004,0.0023,267
Deepfakes,P6_compression,3,0.9706,0.9702,0.0004,-0.0035,0.0042,267
Deepfakes,P8_blur,1,0.9706,0.971,-0.0004,-0.0047,0.0036,267
Deepfakes,P9_flow,2,0.9706,0.9728,-0.0022,-0.0057,0.0009,267
Deepfakes,T1_temporal_noise,3,0.9706,0.9694,0.0012,-0.0018,0.0044,267
Deepfakes,T2_rppg,4,0.9706,0.9723,-0.0017,-0.0052,0.001,267
Deepfakes,T3_temporal_prnu,2,0.9706,0.9713,-0.0007,-0.0061,0.0048,267
Deepfakes,T4_face_ssim,3,0.9706,0.9719,-0.0013,-0.0047,0.002,267
Deepfakes,T5_codec_residual,2,0.9706,0.969,0.0016,-0.0034,0.0067,267
Deepfakes,T6_landmark_traj,4,0.9706,0.9716,-0.001,-0.0053,0.0032,267
Deepfakes,T7_rigid_geometry,3,0.9706,0.9548,0.0158,-0.0002,0.0322,267
Deepfakes,T8_face_bg_edge,3,0.9706,0.975,-0.0044,-0.0098,0.0005,267
Deepfakes,T9_skin_texture,2,0.9706,0.975,-0.0044,-0.0146,0.0048,267
Deepfakes,T10_color_transfer,2,0.9706,0.9591,0.0115,-0.0012,0.0252,267
Deepfakes,T11_specular,2,0.9706,0.971,-0.0004,-0.0043,0.0035,267
Deepfakes,T12_blink,3,0.9706,0.969,0.0016,-0.0036,0.0071,267
Deepfakes,T13_motion_blur_coupling,2,0.9706,0.9708,-0.0002,-0.0043,0.0043,267
Deepfakes,T14_dct_temporal,2,0.9706,0.9693,0.0013,-0.0033,0.0066,267
Face2Face,P1_noise,3,0.8096,0.8048,0.0048,-0.013,0.0219,268
Face2Face,P2_prnu,2,0.8096,0.8176,-0.008,-0.0218,0.005,268
Face2Face,P4_shadow,2,0.8096,0.8208,-0.0112,-0.0262,0.0034,268
Face2Face,P6_compression,3,0.8096,0.8181,-0.0085,-0.0227,0.0047,268
Face2Face,P8_blur,1,0.8096,0.8158,-0.0062,-0.0209,0.008,268
Face2Face,P9_flow,2,0.8096,0.8061,0.0035,-0.0146,0.021,268
Face2Face,T1_temporal_noise,3,0.8096,0.8132,-0.0036,-0.0168,0.0109,268
Face2Face,T2_rppg,4,0.8096,0.8128,-0.0032,-0.0314,0.0251,268
Face2Face,T3_temporal_prnu,2,0.8096,0.8175,-0.0079,-0.0238,0.0086,268
Face2Face,T4_face_ssim,3,0.8096,0.8138,-0.0042,-0.0216,0.0123,268
Face2Face,T5_codec_residual,2,0.8096,0.8102,-0.0006,-0.0196,0.0179,268
Face2Face,T6_landmark_traj,4,0.8096,0.8188,-0.0092,-0.0267,0.0076,268
Face2Face,T7_rigid_geometry,3,0.8096,0.8098,-0.0002,-0.0233,0.0218,268
Face2Face,T8_face_bg_edge,3,0.8096,0.82,-0.0104,-0.027,0.0048,268
Face2Face,T9_skin_texture,2,0.8096,0.8028,0.0068,-0.0128,0.0252,268
Face2Face,T10_color_transfer,2,0.8096,0.8111,-0.0016,-0.0158,0.0121,268
Face2Face,T11_specular,2,0.8096,0.815,-0.0055,-0.0216,0.0097,268
Face2Face,T12_blink,3,0.8096,0.8099,-0.0003,-0.0191,0.0174,268
Face2Face,T13_motion_blur_coupling,2,0.8096,0.7966,0.013,-0.0251,0.0504,268
Face2Face,T14_dct_temporal,2,0.8096,0.8164,-0.0068,-0.0229,0.0085,268
FaceSwap,P1_noise,3,0.9631,0.9357,0.0274,0.0093,0.0474,269
FaceSwap,P2_prnu,2,0.9631,0.9618,0.0013,-0.0038,0.0068,269
FaceSwap,P4_shadow,2,0.9631,0.9639,-0.0008,-0.0059,0.0044,269
FaceSwap,P6_compression,3,0.9631,0.962,0.0012,-0.0034,0.0058,269
FaceSwap,P8_blur,1,0.9631,0.9619,0.0013,-0.0032,0.0056,269
FaceSwap,P9_flow,2,0.9631,0.9666,-0.0034,-0.0096,0.0023,269
FaceSwap,T1_temporal_noise,3,0.9631,0.9646,-0.0015,-0.0077,0.0042,269
FaceSwap,T2_rppg,4,0.9631,0.9645,-0.0013,-0.0051,0.0023,269
FaceSwap,T3_temporal_prnu,2,0.9631,0.9614,0.0018,-0.0024,0.0064,269
FaceSwap,T4_face_ssim,3,0.9631,0.96,0.0032,-0.0033,0.0101,269
FaceSwap,T5_codec_residual,2,0.9631,0.9559,0.0072,-0.0008,0.0169,269
FaceSwap,T6_landmark_traj,4,0.9631,0.9591,0.004,-0.0036,0.0123,269
FaceSwap,T7_rigid_geometry,3,0.9631,0.9623,0.0008,-0.0046,0.0065,269
FaceSwap,T8_face_bg_edge,3,0.9631,0.9617,0.0014,-0.0032,0.0063,269
FaceSwap,T9_skin_texture,2,0.9631,0.9621,0.001,-0.0051,0.0067,269
FaceSwap,T10_color_transfer,2,0.9631,0.964,-0.0008,-0.0064,0.0045,269
FaceSwap,T11_specular,2,0.9631,0.9614,0.0017,-0.0029,0.0066,269
FaceSwap,T12_blink,3,0.9631,0.9399,0.0233,0.0024,0.0443,269
FaceSwap,T13_motion_blur_coupling,2,0.9631,0.9613,0.0018,-0.0098,0.0167,269
FaceSwap,T14_dct_temporal,2,0.9631,0.9636,-0.0004,-0.0074,0.0068,269
NeuralTextures,P1_noise,3,0.7867,0.7605,0.0262,0.0012,0.0519,269
NeuralTextures,P2_prnu,2,0.7867,0.7803,0.0064,-0.0125,0.026,269
NeuralTextures,P4_shadow,2,0.7867,0.784,0.0028,-0.0102,0.0161,269
NeuralTextures,P6_compression,3,0.7867,0.786,0.0007,-0.0146,0.0155,269
NeuralTextures,P8_blur,1,0.7867,0.7899,-0.0032,-0.0132,0.0062,269
NeuralTextures,P9_flow,2,0.7867,0.7692,0.0176,-0.0011,0.036,269
NeuralTextures,T1_temporal_noise,3,0.7867,0.7887,-0.002,-0.0148,0.0123,269
NeuralTextures,T2_rppg,4,0.7867,0.796,-0.0092,-0.0285,0.0081,269
NeuralTextures,T3_temporal_prnu,2,0.7867,0.783,0.0037,-0.0121,0.0204,269
NeuralTextures,T4_face_ssim,3,0.7867,0.7986,-0.0118,-0.0304,0.0052,269
NeuralTextures,T5_codec_residual,2,0.7867,0.7771,0.0096,-0.004,0.0243,269
NeuralTextures,T6_landmark_traj,4,0.7867,0.7943,-0.0075,-0.0314,0.0172,269
NeuralTextures,T7_rigid_geometry,3,0.7867,0.7926,-0.0059,-0.0204,0.0099,269
NeuralTextures,T8_face_bg_edge,3,0.7867,0.7922,-0.0055,-0.0183,0.0067,269
NeuralTextures,T9_skin_texture,2,0.7867,0.787,-0.0002,-0.021,0.0185,269
NeuralTextures,T10_color_transfer,2,0.7867,0.793,-0.0062,-0.0229,0.0099,269
NeuralTextures,T11_specular,2,0.7867,0.7883,-0.0015,-0.0153,0.0118,269
NeuralTextures,T12_blink,3,0.7867,0.7893,-0.0025,-0.0158,0.0111,269
NeuralTextures,T13_motion_blur_coupling,2,0.7867,0.7804,0.0064,-0.0117,0.0257,269
NeuralTextures,T14_dct_temporal,2,0.7867,0.783,0.0038,-0.0108,0.0183,269
CelebDF,P1_noise,3,0.6322,0.6194,0.0128,0.0038,0.0221,6121
CelebDF,P2_prnu,2,0.6322,0.6331,-0.0009,-0.009,0.0069,6121
CelebDF,P4_shadow,2,0.6322,0.6274,0.0048,-0.0043,0.0134,6121
CelebDF,P6_compression,3,0.6322,0.6212,0.011,0.0041,0.0178,6121
CelebDF,P8_blur,1,0.6322,0.6346,-0.0025,-0.0096,0.0052,6121
CelebDF,P9_flow,2,0.6322,0.6258,0.0063,-0.0028,0.0163,6121
CelebDF,T1_temporal_noise,3,0.6322,0.6324,-0.0002,-0.0099,0.009,6121
CelebDF,T2_rppg,4,0.6322,0.6461,-0.0139,-0.0233,-0.0051,6121
CelebDF,T3_temporal_prnu,2,0.6322,0.6221,0.0101,0.0029,0.0172,6121
CelebDF,T4_face_ssim,3,0.6322,0.6206,0.0116,0.0013,0.0207,6121
CelebDF,T5_codec_residual,2,0.6322,0.6301,0.0021,-0.0071,0.0115,6121
CelebDF,T6_landmark_traj,4,0.6322,0.6253,0.0069,-0.0031,0.017,6121
CelebDF,T7_rigid_geometry,3,0.6322,0.6441,-0.0119,-0.0253,0.0016,6121
CelebDF,T8_face_bg_edge,3,0.6322,0.632,0.0002,-0.0096,0.01,6121
CelebDF,T9_skin_texture,2,0.6322,0.637,-0.0048,-0.0147,0.0045,6121
CelebDF,T10_color_transfer,2,0.6322,0.6295,0.0027,-0.0076,0.0133,6121
CelebDF,T11_specular,2,0.6322,0.635,-0.0028,-0.0107,0.0051,6121
CelebDF,T12_blink,3,0.6322,0.629,0.0032,-0.0094,0.0161,6121
CelebDF,T13_motion_blur_coupling,2,0.6322,0.6273,0.0049,-0.0103,0.0201,6121
CelebDF,T14_dct_temporal,2,0.6322,0.6333,-0.0011,-0.0093,0.0065,6121
