video,dataset,comp,duration_s,frames,total_extract_s,frame_load_s,mediapipe_s,optical_flow_s,rppg_s,other_s,peak_ram_mb,cpu_time_s,rtf
507.mp4,real,c23,19.54,469,172.565,3.377,2.356,4.952,10.617,151.263,10653.1,265.51,8.831
895.mp4,real,c23,11.76,294,31.605,0.619,2.064,0.794,2.758,25.369,2065.8,42.17,2.687
922.mp4,real,c23,24.64,616,25.539,1.031,2.163,0.54,2.224,19.581,1580.4,33.03,1.036
483.mp4,real,c23,12.5,375,66.744,1.418,2.233,1.737,5.161,56.196,4738.0,103.05,5.34
085.mp4,real,c23,13.16,329,24.69,0.551,2.654,0.527,2.369,18.589,1580.4,32.87,1.876
750.mp4,real,c23,14.7,441,167.178,3.185,2.205,4.807,10.587,146.393,10658.6,266.19,11.373
354.mp4,real,c23,15.33,460,60.237,1.351,2.112,1.619,4.998,50.156,4737.7,95.19,3.929
523.mp4,real,c23,15.0,375,29.444,0.637,2.005,0.705,2.463,23.634,2108.2,39.58,1.963
809.mp4,real,c23,14.68,367,25.211,0.521,2.714,0.52,2.049,19.407,1619.6,32.23,1.717
606.mp4,real,c40,15.48,387,29.185,0.588,1.989,0.689,2.663,23.256,2093.5,39.09,1.885
998.mp4,real,c40,11.47,344,63.846,1.286,2.01,1.663,4.95,53.937,4737.7,98.8,5.568
471.mp4,real,c40,21.6,540,22.975,0.441,2.001,0.517,1.972,18.043,1580.3,29.65,1.064
699.mp4,real,c40,20.96,524,21.738,0.42,2.592,0.473,2.075,16.178,1481.6,27.38,1.037
701.mp4,real,c40,13.1,393,160.322,3.005,2.072,4.644,9.447,141.154,10657.7,254.25,12.238
091.mp4,real,c40,21.3,639,24.469,0.946,1.991,0.532,2.326,18.675,1624.8,32.09,1.149
633.mp4,real,c40,17.07,512,62.811,1.263,2.092,1.652,5.127,52.677,4737.2,97.79,3.68
059.mp4,real,c40,28.84,721,23.276,0.869,2.01,0.525,2.108,17.764,1580.2,30.19,0.807
201.mp4,real,c40,34.52,863,25.533,0.894,2.701,0.522,2.134,19.282,1619.8,32.54,0.74
320.mp4,real,c40,16.8,504,61.549,1.315,2.178,1.644,5.04,51.373,4735.9,98.23,3.664
458.mp4,real,c40,14.62,351,28.387,0.599,1.97,0.731,2.759,22.328,2108.2,38.6,1.941
498.mp4,real,c40,12.68,317,30.365,0.613,2.069,0.733,2.843,24.107,2108.0,40.97,2.395
385_414.mp4,deepfakes,c23,11.63,349,65.639,1.351,2.232,1.672,5.261,55.124,4736.9,101.75,5.642
913_893.mp4,deepfakes,c23,21.13,634,23.743,0.917,1.985,0.514,2.29,18.038,1560.6,31.45,1.123
027_009.mp4,deepfakes,c23,10.5,315,23.78,0.529,2.122,0.512,2.322,18.294,1580.1,31.26,2.265
874_291.mp4,deepfakes,c23,15.63,469,154.922,2.984,2.302,4.79,9.48,135.366,10657.0,238.96,9.91
685_613.mp4,deepfakes,c23,20.88,522,64.806,1.415,2.079,1.677,5.181,54.453,4737.1,100.66,3.104
675_608.mp4,deepfakes,c23,16.84,421,23.422,0.462,2.648,0.491,2.167,17.655,1481.7,29.41,1.391
954_976.mp4,deepfakes,c23,15.04,376,22.841,0.484,2.017,0.524,2.293,17.524,1580.4,30.32,1.519
198_106.mp4,deepfakes,c23,13.07,392,26.598,0.532,2.102,0.582,2.45,20.932,1777.7,34.46,2.036
473_366.mp4,deepfakes,c23,22.96,574,22.962,0.461,2.165,0.516,2.337,17.483,1580.4,30.46,1.0
848_894.mp4,deepfakes,c40,14.4,360,146.848,3.03,2.177,4.276,9.645,127.719,10658.1,241.89,10.198
603_575.mp4,deepfakes,c40,11.84,296,65.93,1.255,2.175,1.851,5.142,55.507,4673.1,100.68,5.568
185_276.mp4,deepfakes,c40,35.0,875,29.552,1.167,2.13,0.716,2.437,23.102,2108.0,39.99,0.844
123_119.mp4,deepfakes,c40,17.13,514,23.314,0.448,2.128,0.515,2.116,18.109,1580.3,30.14,1.361
194_235.mp4,deepfakes,c40,22.68,567,23.822,0.445,1.96,0.516,2.367,18.533,1580.2,31.53,1.05
218_239.mp4,deepfakes,c40,14.12,353,25.559,0.456,2.689,0.549,2.097,19.768,1580.0,32.34,1.81
801_855.mp4,deepfakes,c40,17.76,444,23.564,0.481,2.066,0.514,2.064,18.438,1580.3,30.31,1.327
851_552.mp4,deepfakes,c40,34.71,833,66.015,2.546,2.282,1.687,5.203,54.296,4737.9,103.55,1.902
871_814.mp4,deepfakes,c40,11.6,348,30.18,0.621,2.117,0.717,2.535,24.192,2106.9,40.24,2.602
505_600.mp4,deepfakes,c40,18.1,543,24.272,0.458,2.152,0.528,2.192,18.941,1614.9,31.19,1.341
873_872.mp4,deepfakes,c40,35.36,884,67.955,2.64,2.347,1.696,5.053,56.218,4738.2,103.99,1.922
690_689.mp4,face2face,c23,15.17,455,30.14,0.616,2.068,0.707,2.634,24.115,2053.8,40.26,1.987
879_963.mp4,face2face,c23,23.07,692,32.328,1.191,2.003,0.727,3.15,25.258,2053.7,44.13,1.402
922_898.mp4,face2face,c23,13.96,349,24.125,0.525,2.16,0.524,2.149,18.767,1580.4,31.25,1.728
777_745.mp4,face2face,c23,18.97,569,24.35,0.456,2.558,0.528,2.128,18.68,1580.0,31.3,1.284
716_712.mp4,face2face,c23,22.0,550,21.989,0.444,2.053,0.47,2.221,16.801,1422.4,28.1,1.0
294_292.mp4,face2face,c23,14.17,425,66.047,1.405,2.161,1.686,5.104,55.691,4738.0,103.83,4.662
142_138.mp4,face2face,c23,16.4,410,19.602,0.42,2.051,0.453,1.951,14.728,1422.5,25.06,1.195
084_042.mp4,face2face,c23,22.53,338,148.929,3.12,2.473,4.501,9.787,129.048,10658.8,234.84,6.609
956_958.mp4,face2face,c23,15.68,392,31.713,0.644,2.634,0.708,2.817,24.909,2054.0,42.57,2.022
854_747.mp4,face2face,c23,18.8,470,62.07,1.357,2.27,1.646,4.932,51.864,4737.7,97.21,3.302
972_718.mp4,face2face,c23,23.12,578,137.033,3.245,2.49,3.888,9.338,118.073,10657.4,222.02,5.927
401_395.mp4,face2face,c23,14.93,448,61.76,1.36,2.12,1.631,5.113,51.536,4737.7,97.66,4.136
437_360.mp4,face2face,c40,15.4,385,60.643,1.267,2.063,1.624,5.293,50.396,4736.3,94.93,3.938
026_012.mp4,face2face,c40,14.52,363,22.684,0.479,2.062,0.499,2.193,17.451,1580.3,29.65,1.562
115_939.mp4,face2face,c40,17.03,511,59.079,1.22,2.229,1.605,5.165,48.86,4737.8,94.7,3.468
621_546.mp4,face2face,c40,23.8,714,57.607,2.571,2.061,1.627,5.002,46.347,4737.4,92.94,2.42
767_694.mp4,face2face,c40,11.96,299,21.937,0.427,2.015,0.55,2.303,16.642,1574.9,29.01,1.834
742_775.mp4,face2face,c40,18.63,559,24.003,0.431,2.613,0.504,2.259,18.196,1580.3,31.11,1.288
206_221.mp4,face2face,c40,28.72,718,21.663,0.843,1.959,0.497,2.262,16.102,1580.4,29.06,0.754
668_664.mp4,face2face,c40,9.77,293,22.247,0.421,2.033,0.525,1.88,17.389,1543.5,28.91,2.278
991_064.mp4,face2face,c40,16.08,402,21.228,0.431,2.023,0.496,2.009,16.269,1580.2,27.89,1.32
127_129.mp4,face2face,c40,11.0,330,62.594,1.315,2.248,1.619,4.86,52.552,4737.5,98.72,5.69
557_560.mp4,face2face,c40,11.63,349,29.652,0.584,2.539,0.684,2.377,23.467,2053.7,39.16,2.549
392_339.mp4,face2face,c40,15.23,457,61.758,1.245,2.089,1.601,4.916,51.908,4737.8,96.21,4.054
210_241.mp4,faceswap,c23,9.73,292,22.972,0.453,1.946,0.524,2.054,17.995,1571.9,29.78,2.36
108_052.mp4,faceswap,c23,10.0,300,102.196,2.156,2.168,2.937,7.452,87.483,7992.0,164.73,10.22
089_065.mp4,faceswap,c23,17.68,442,63.079,1.361,2.031,1.621,4.975,53.092,4737.6,98.36,3.568
726_713.mp4,faceswap,c23,13.67,410,153.771,2.932,2.557,4.01,9.922,134.349,10655.8,239.77,11.252
657_644.mp4,faceswap,c23,16.52,413,23.369,0.498,2.011,0.538,2.137,18.185,1619.8,30.56,1.415
520_542.mp4,faceswap,c23,12.8,320,62.264,1.351,2.109,1.658,5.19,51.955,4737.5,98.5,4.864
325_492.mp4,faceswap,c23,11.57,347,64.089,1.403,2.176,1.697,4.987,53.826,4738.1,100.13,5.541
173_171.mp4,faceswap,c23,18.03,541,61.239,1.292,2.015,1.619,4.91,51.403,4737.0,95.91,3.396
659_749.mp4,faceswap,c23,23.1,693,23.236,0.859,2.723,0.496,2.175,16.982,1580.1,30.61,1.006
528_510.mp4,faceswap,c23,13.6,340,25.245,0.503,1.973,0.564,2.424,19.781,1777.7,33.17,1.856
977_075.mp4,faceswap,c23,20.43,613,29.306,1.169,2.132,0.685,2.468,22.851,2107.4,39.72,1.434
409_382.mp4,faceswap,c23,12.52,313,22.273,0.459,1.978,0.494,1.869,17.473,1580.4,28.98,1.779
200_189.mp4,faceswap,c40,20.48,512,28.188,0.606,2.17,0.674,2.439,22.3,2108.3,37.81,1.376
955_078.mp4,faceswap,c40,20.92,523,21.996,0.429,1.937,0.514,2.078,17.039,1579.5,28.59,1.051
980_992.mp4,faceswap,c40,15.32,383,22.876,0.453,1.909,0.514,2.068,17.933,1619.9,29.52,1.493
053_095.mp4,faceswap,c40,16.68,417,22.829,0.446,1.988,0.509,2.07,17.816,1619.9,29.46,1.369
035_036.mp4,faceswap,c40,13.48,337,21.887,0.431,2.078,0.502,1.927,16.949,1580.2,28.5,1.624
646_643.mp4,faceswap,c40,12.13,364,22.749,0.425,2.231,0.516,2.075,17.502,1580.1,29.44,1.875
020_344.mp4,faceswap,c40,15.6,390,57.897,1.24,2.025,1.589,4.663,48.38,4737.3,93.4,3.711
595_597.mp4,faceswap,c40,9.9,297,60.872,1.239,2.275,1.764,4.843,50.751,4691.2,94.34,6.149
379_158.mp4,faceswap,c40,11.37,341,21.936,0.458,1.967,0.494,2.064,16.954,1580.5,28.57,1.93
718_972.mp4,faceswap,c40,12.44,311,144.83,2.76,2.251,3.762,9.23,126.827,10657.2,227.81,11.642
083_213.mp4,faceswap,c40,12.6,378,149.527,2.87,2.529,4.025,9.725,130.379,10658.5,233.06,11.867
102_114.mp4,faceswap,c40,15.56,389,25.686,0.504,2.085,0.59,2.55,19.957,1777.6,33.74,1.651
158_379.mp4,neuraltextures,c23,11.37,341,23.871,0.469,2.115,0.529,2.187,18.572,1580.5,31.11,2.1
201_203.mp4,neuraltextures,c23,17.84,446,24.314,0.469,2.017,0.528,2.389,18.911,1580.3,32.26,1.363
629_618.mp4,neuraltextures,c23,15.28,382,63.616,1.331,2.2,1.639,5.42,53.025,4737.9,99.0,4.163
578_636.mp4,neuraltextures,c23,11.17,335,65.55,1.442,2.1,1.684,5.211,55.112,4738.1,101.27,5.87
457_398.mp4,neuraltextures,c23,21.12,528,22.675,0.489,2.116,0.526,2.049,17.496,1580.1,29.8,1.074
215_208.mp4,neuraltextures,c23,18.6,465,25.47,0.518,2.083,0.572,2.291,20.006,1738.2,32.87,1.369
854_747.mp4,neuraltextures,c23,11.76,294,62.273,1.305,2.193,1.734,4.991,52.049,4643.6,97.08,5.295
011_805.mp4,neuraltextures,c23,17.12,411,61.23,1.361,2.696,1.668,5.191,50.313,4737.5,97.59,3.575
260_331.mp4,neuraltextures,c23,12.08,302,22.964,0.469,2.052,0.53,2.357,17.557,1580.1,30.4,1.901
828_830.mp4,neuraltextures,c23,12.76,319,22.795,0.477,2.008,0.522,1.934,17.854,1580.3,29.76,1.786
735_774.mp4,neuraltextures,c23,10.43,313,22.844,0.533,2.131,0.524,2.07,17.587,1580.2,29.83,2.189
604_703.mp4,neuraltextures,c23,12.5,375,63.239,1.389,2.235,1.676,4.986,52.953,4737.9,99.36,5.059
141_161.mp4,neuraltextures,c40,12.3,369,29.941,0.6,2.61,0.709,2.487,23.535,2054.0,39.89,2.434
197_224.mp4,neuraltextures,c40,19.52,488,23.422,0.454,2.109,0.521,1.972,18.367,1580.4,30.23,1.2
830_828.mp4,neuraltextures,c40,12.76,319,21.743,0.413,2.181,0.468,2.132,16.55,1422.4,27.45,1.704
146_256.mp4,neuraltextures,c40,22.75,546,66.462,1.299,2.066,1.702,5.184,56.211,4736.8,102.25,2.921
435_456.mp4,neuraltextures,c40,19.04,476,23.527,0.446,2.056,0.519,2.179,18.327,1580.3,30.44,1.236
488_399.mp4,neuraltextures,c40,17.27,518,31.186,0.587,2.727,0.72,2.538,24.614,2052.9,41.06,1.806
624_570.mp4,neuraltextures,c40,14.0,350,30.593,0.586,2.126,0.723,2.461,24.697,2053.4,40.49,2.185
803_017.mp4,neuraltextures,c40,9.9,297,30.919,0.582,2.095,0.78,2.595,24.867,2032.8,40.78,3.123
769_784.mp4,neuraltextures,c40,16.13,484,61.946,1.289,2.196,1.66,5.165,51.636,4738.1,97.94,3.84
751_752.mp4,neuraltextures,c40,11.03,331,24.143,0.475,2.038,0.524,2.758,18.349,1578.9,30.89,2.188
000_003.mp4,neuraltextures,c40,12.12,303,23.076,0.462,2.054,0.517,2.125,17.917,1580.3,29.95,1.904
935_733.mp4,neuraltextures,c40,20.72,518,149.531,3.047,2.166,3.898,9.727,130.693,10654.9,243.87,7.217
